run,block,distance,speed,category,category_start_id,image_id,trial_in_run,trial,category_id,start_id,target_id,target_cat,target_cat_pos,start_cat,start_cat_pos,direction,speed_cue_dur,blink_dur,sample_dur,feedback_dur,iti_dur,probe_dur,buffer_dur,ts,trial_dur,visual,is_probe,probe_dist,probe_id,probe_cat,probe_cat_pos,probe_ts,option_cat,option_cat_pos,option_id,probe_correct_pos,probe_option_pos,subject,session
1,1,13,1.6,food,2,food_2,1,1,8,16,11,6,1,8,2,1,11.25,2500,1000,1000,2126.3072970774506,0.0,1263.694388787429,8125.0,16026.25168586488,1,0,0,0,0,0,0.0,,,,0,,1,1
1,1,16,1.6,house,1,house_1,2,2,2,3,1,1,1,2,1,1,0.0,2500,1000,1000,2590.317424126982,1800.0,1408.9157652196486,10000.0,20299.233189346633,1,1,10,13,7,1,6250.0,8.0,2.0,16.0,-1,1.0,1,1
1,1,14,1.6,animal,2,animal_2,3,3,4,8,4,2,2,4,2,1,0.0,2500,1000,1000,2300.6525286931433,0.0,1417.2268329879241,8750.0,16967.879361681065,1,0,0,0,0,0,0.0,,,,0,,1,1
1,1,15,1.6,leg,2,leg_2,4,4,6,12,9,5,1,6,2,1,0.0,2500,1000,1000,2274.1359832541575,1800.0,1747.6423469228043,9375.0,19696.77833017696,1,1,11,5,3,1,6875.0,4.0,2.0,8.0,-1,1.0,1,1
1,1,14,1.6,tool,2,tool_2,5,5,5,10,6,3,2,5,2,1,0.0,2500,1000,1000,2830.5027588347034,0.0,1354.6060900807934,8750.0,17435.108848915497,1,0,0,0,0,0,0.0,,,,0,,1,1
1,1,16,1.6,hand,2,hand_2,6,6,1,2,18,9,2,1,2,1,0.0,2500,1000,1000,2078.263780282145,0.0,1433.087751739013,10000.0,18011.35153202116,1,0,0,0,0,0,0.0,,,,0,,1,1
1,1,13,1.6,face,1,face_1,7,7,3,5,18,9,2,3,1,1,0.0,2500,1000,1000,2314.316923464981,0.0,1600.019181063932,8125.0,16539.336104528913,1,0,0,0,0,0,0.0,,,,0,,1,1
1,1,12,1.6,shape,1,shape_1,8,8,9,17,11,6,1,9,1,1,0.0,2500,1000,1000,2145.7413284619574,1800.0,1730.1549876757438,7500.0,17675.896316137703,1,1,6,5,3,1,3750.0,4.0,2.0,8.0,-1,1.0,1,1
1,1,15,1.6,object,2,object_2,9,9,7,14,11,6,1,7,2,1,0.0,2500,1000,1000,2603.470821442527,0.0,1728.7182976370727,9375.0,18207.1891190796,1,0,0,0,0,0,0.0,,,,0,,1,1
1,2,15,2.0,food,2,food_2,10,10,8,16,13,7,1,8,2,1,9.0,2500,1000,1000,2567.8868175842986,0.0,1115.1986926786187,7500.0,15692.085510262918,1,0,0,0,0,0,0.0,,,,0,,1,1
1,2,14,2.0,house,2,house_2,11,11,2,4,18,9,2,2,2,1,0.0,2500,1000,1000,2601.355835370984,1800.0,1044.6738363737284,7000.0,16946.029671744713,1,1,9,13,7,1,4500.0,8.0,2.0,16.0,1,-1.0,1,1
1,2,16,2.0,animal,2,animal_2,12,12,4,8,6,3,2,4,2,1,0.0,2500,1000,1000,2195.4431388276885,0.0,1054.1678010164428,8000.0,15749.610939844131,1,0,0,0,0,0,0.0,,,,0,,1,1
1,2,17,2.0,shape,1,shape_1,13,13,9,17,16,8,2,9,1,1,0.0,2500,1000,1000,2471.650356184558,0.0,1446.0151812241543,8500.0,16917.665537408713,1,0,0,0,0,0,0.0,,,,0,,1,1
1,2,15,2.0,face,2,face_2,14,14,3,6,3,2,1,3,2,1,0.0,2500,1000,1000,2254.894862694676,0.0,1032.935703942004,7500.0,15287.83056663668,1,0,0,0,0,0,0.0,,,,0,,1,1
1,2,17,2.0,leg,1,leg_1,15,15,6,11,10,5,2,6,1,1,0.0,2500,1000,1000,2584.6441540574383,0.0,1402.6553738625696,8500.0,16987.299527920008,1,0,0,0,0,0,0.0,,,,0,,1,1
1,2,16,2.0,hand,1,hand_1,16,16,1,1,17,9,1,1,1,1,0.0,2500,1000,1000,2029.446502276821,0.0,1249.2324882312591,8000.0,15778.67899050808,1,0,0,0,0,0,0.0,,,,0,,1,1
1,2,16,2.0,tool,2,tool_2,17,17,5,10,8,4,2,5,2,1,0.0,2500,1000,1000,2168.012027090463,1800.0,1009.2176436802598,8000.0,17477.22967077072,1,1,9,1,1,1,4500.0,2.0,2.0,4.0,1,-1.0,1,1
1,2,13,2.0,object,1,object_1,18,18,7,13,8,4,2,7,1,1,0.0,2500,1000,1000,2486.5673864528285,0.0,1218.5355240380654,6500.0,14705.102910490894,1,0,0,0,0,0,0.0,,,,0,,1,1
1,3,14,1.6,tool,1,tool_1,19,19,5,9,5,3,1,5,1,1,11.25,2500,1000,1000,2851.1040987528077,0.0,1262.9784076741685,8750.0,17375.332506426974,0,0,0,0,0,0,0.0,,,,0,,1,1
1,3,12,1.6,object,1,object_1,20,20,7,13,7,4,1,7,1,1,0.0,2500,1000,1000,2364.569609865291,0.0,1603.9393815417645,7500.0,15968.508991407056,0,0,0,0,0,0,0.0,,,,0,,1,1
1,3,17,1.6,house,2,house_2,21,21,2,4,3,2,1,2,2,1,0.0,2500,1000,1000,2905.4915497905636,0.0,1654.5051919784062,10625.0,19684.99674176897,0,0,0,0,0,0,0.0,,,,0,,1,1
1,3,17,1.6,animal,1,animal_1,22,22,4,7,6,3,2,4,1,1,0.0,2500,1000,1000,2717.080078890665,0.0,1772.9350415441113,10625.0,19615.01512043478,0,0,0,0,0,0,0.0,,,,0,,1,1
1,3,16,1.6,leg,1,leg_1,23,23,6,11,9,5,1,6,1,1,0.0,2500,1000,1000,2016.6752101004427,0.0,1465.5718139613386,10000.0,17982.24702406178,0,0,0,0,0,0,0.0,,,,0,,1,1
1,3,15,1.6,food,1,food_1,24,24,8,15,12,6,2,8,1,1,0.0,2500,1000,1000,2323.0160542102003,0.0,1498.1217733316653,9375.0,17696.137827541865,0,0,0,0,0,0,0.0,,,,0,,1,1
1,3,13,1.6,hand,1,hand_1,25,25,1,1,14,7,2,1,1,1,0.0,2500,1000,1000,2169.4474219536623,1800.0,1624.258471092308,8125.0,18218.705893045968,0,1,8,9,5,1,5000.0,6.0,2.0,12.0,1,-1.0,1,1
1,3,12,1.6,shape,2,shape_2,26,26,9,18,12,6,2,9,2,1,0.0,2500,1000,1000,2513.5061845225105,0.0,1472.2579173011488,7500.0,15985.764101823659,0,0,0,0,0,0,0.0,,,,0,,1,1
1,3,17,1.6,face,2,face_2,27,27,3,6,5,3,1,3,2,1,0.0,2500,1000,1000,2211.043190692534,0.0,1320.604391535245,10625.0,18656.64758222778,0,0,0,0,0,0,0.0,,,,0,,1,1
1,4,13,2.0,animal,1,animal_1,28,28,4,7,2,1,2,4,1,1,9.0,2500,1000,1000,2148.596123595847,0.0,1302.6238365615745,6500.0,14460.219960157421,0,0,0,0,0,0,0.0,,,,0,,1,1
1,4,17,2.0,shape,2,shape_2,29,29,9,18,17,9,1,9,2,1,0.0,2500,1000,1000,2497.3859205183066,0.0,1483.2809773766814,8500.0,16980.66689789499,0,0,0,0,0,0,0.0,,,,0,,1,1
1,4,12,2.0,food,1,food_1,30,30,8,15,9,5,1,8,1,1,0.0,2500,1000,1000,2907.1220802759726,0.0,1363.7233195687345,6000.0,14770.845399844708,0,0,0,0,0,0,0.0,,,,0,,1,1
1,4,13,2.0,hand,2,hand_2,31,31,1,2,15,8,1,1,2,1,0.0,2500,1000,1000,2264.5345460200842,0.0,1245.3753609870025,6500.0,14509.909907007088,0,0,0,0,0,0,0.0,,,,0,,1,1
1,4,14,2.0,object,2,object_2,32,32,7,14,10,5,2,7,2,1,0.0,2500,1000,1000,2286.240269348425,0.0,1170.929835552211,7000.0,14957.170104900637,0,0,0,0,0,0,0.0,,,,0,,1,1
1,4,15,2.0,leg,2,leg_2,33,33,6,12,9,5,1,6,2,1,0.0,2500,1000,1000,2642.1170116463272,0.0,1178.3445006396373,7500.0,15820.461512285965,0,0,0,0,0,0,0.0,,,,0,,1,1
1,4,12,2.0,face,1,face_1,34,34,3,5,17,9,1,3,1,1,0.0,2500,1000,1000,2220.822922718723,0.0,1069.2348782949691,6000.0,13790.057801013692,0,0,0,0,0,0,0.0,,,,0,,1,1
1,4,14,2.0,tool,1,tool_1,35,35,5,9,5,3,1,5,1,1,0.0,2500,1000,1000,2224.3090889203654,0.0,1482.5662641586764,7000.0,15206.875353079042,0,0,0,0,0,0,0.0,,,,0,,1,1
1,4,12,2.0,house,1,house_1,36,36,2,3,15,8,1,2,1,1,0.0,2500,1000,1000,2536.700982652642,0.0,1312.2421639039667,6000.0,14348.943146556609,0,0,0,0,0,0,0.0,,,,0,,1,1
2,1,16,2.0,leg,2,leg_2,1,37,6,12,10,5,2,6,2,1,9.0,2500,1000,1000,2464.522090925604,0.0,1262.5029165681922,8000.0,16236.025007493796,1,0,0,0,0,0,0.0,,,,0,,1,1
2,1,13,2.0,food,1,food_1,2,38,8,15,10,5,2,8,1,1,0.0,2500,1000,1000,2107.831291534038,1800.0,1053.0678398098428,6500.0,15960.89913134388,1,1,7,4,2,2,3500.0,3.0,1.0,5.0,1,-1.0,1,1
2,1,14,2.0,animal,1,animal_1,3,39,4,7,3,2,1,4,1,1,0.0,2500,1000,1000,2644.6300672523294,0.0,1020.9882593284245,7000.0,15165.618326580754,1,0,0,0,0,0,0.0,,,,0,,1,1
2,1,12,2.0,shape,1,shape_1,4,40,9,17,11,6,1,9,1,1,0.0,2500,1000,1000,2187.272231475943,0.0,1065.155672302017,6000.0,13752.42790377796,1,0,0,0,0,0,0.0,,,,0,,1,1
2,1,16,2.0,face,2,face_2,5,41,3,6,4,2,2,3,2,1,0.0,2500,1000,1000,2941.725912724952,1800.0,1114.8402739165276,8000.0,18356.56618664148,1,1,9,15,8,1,4500.0,9.0,2.0,18.0,-1,1.0,1,1
2,1,14,2.0,hand,2,hand_2,6,42,1,2,16,8,2,1,2,1,0.0,2500,1000,1000,2194.5936879206306,1800.0,1250.134330927152,7000.0,16744.72801884778,1,1,8,10,5,2,4000.0,6.0,1.0,11.0,1,-1.0,1,1
2,1,15,2.0,house,2,house_2,7,43,2,4,1,1,1,2,2,1,0.0,2500,1000,1000,2653.1945669048764,0.0,1098.1235257460378,7500.0,15751.318092650914,1,0,0,0,0,0,0.0,,,,0,,1,1
2,1,14,2.0,object,1,object_1,8,44,7,13,9,5,1,7,1,1,0.0,2500,1000,1000,2551.344790084594,0.0,1071.7145832669885,7000.0,15123.059373351582,1,0,0,0,0,0,0.0,,,,0,,1,1
2,1,15,2.0,tool,1,tool_1,9,45,5,9,6,3,2,5,1,1,0.0,2500,1000,1000,2113.1380061680707,0.0,1499.3510901989496,7500.0,15612.489096367019,1,0,0,0,0,0,0.0,,,,0,,1,1
2,2,15,1.6,tool,1,tool_1,10,46,5,9,6,3,2,5,1,1,11.25,2500,1000,1000,2258.9811473057866,0.0,1548.1812434660608,9375.0,17693.412390771846,1,0,0,0,0,0,0.0,,,,0,,1,1
2,2,13,1.6,object,1,object_1,11,47,7,13,8,4,2,7,1,1,0.0,2500,1000,1000,2678.083543598406,0.0,1529.4392974634802,8125.0,16832.522841061887,1,0,0,0,0,0,0.0,,,,0,,1,1
2,2,17,1.6,leg,1,leg_1,12,48,6,11,10,5,2,6,1,1,0.0,2500,1000,1000,2750.7790819949805,0.0,1435.3628491980262,10625.0,19311.141931193008,1,0,0,0,0,0,0.0,,,,0,,1,1
2,2,15,1.6,animal,2,animal_2,13,49,4,8,5,3,1,4,2,1,0.0,2500,1000,1000,2508.1473744969185,0.0,1753.108212569058,9375.0,18136.255587065978,1,0,0,0,0,0,0.0,,,,0,,1,1
2,2,12,1.6,house,2,house_2,14,50,2,4,16,8,2,2,2,1,0.0,2500,1000,1000,2872.190239434847,0.0,1824.5027560034157,7500.0,16696.692995438265,1,0,0,0,0,0,0.0,,,,0,,1,1
2,2,14,1.6,food,2,food_2,15,51,8,16,12,6,2,8,2,1,0.0,2500,1000,1000,2666.301630303362,1800.0,1275.9321225564318,8750.0,18992.233752859793,1,1,9,7,4,1,5625.0,5.0,2.0,10.0,1,-1.0,1,1
2,2,14,1.6,hand,1,hand_1,16,52,1,1,15,8,1,1,1,1,0.0,2500,1000,1000,2321.904053236182,1800.0,1365.1039303455048,8750.0,18737.007983581687,1,1,10,11,6,1,6250.0,7.0,2.0,14.0,1,-1.0,1,1
2,2,13,1.6,shape,1,shape_1,17,53,9,17,12,6,2,9,1,1,0.0,2500,1000,1000,2207.4658850132187,0.0,1253.6325645982215,8125.0,16086.09844961144,1,0,0,0,0,0,0.0,,,,0,,1,1
2,2,12,1.6,face,2,face_2,18,54,3,6,18,9,2,3,2,1,0.0,2500,1000,1000,2015.8196917493224,0.0,1559.7799376252683,7500.0,15575.59962937459,1,0,0,0,0,0,0.0,,,,0,,1,1
2,3,13,2.0,house,1,house_1,19,55,2,3,16,8,2,2,1,1,9.0,2500,1000,1000,2030.18383806209,0.0,1137.5251326950897,6500.0,14176.70897075718,1,0,0,0,0,0,0.0,,,,0,,1,1
2,3,12,2.0,leg,1,leg_1,20,56,6,11,5,3,1,6,1,1,0.0,2500,1000,1000,2154.7375033817625,0.0,1075.415873479803,6000.0,13730.153376861566,1,0,0,0,0,0,0.0,,,,0,,1,1
2,3,16,2.0,food,2,food_2,21,57,8,16,14,7,2,8,2,1,0.0,2500,1000,1000,2855.5448519402744,0.0,1048.7324811619383,8000.0,16404.27733310221,1,0,0,0,0,0,0.0,,,,0,,1,1
2,3,12,2.0,shape,2,shape_2,22,58,9,18,12,6,2,9,2,1,0.0,2500,1000,1000,2038.698431927192,0.0,1203.4912599456627,6000.0,13742.189691872856,1,0,0,0,0,0,0.0,,,,0,,1,1
2,3,17,2.0,hand,1,hand_1,23,59,1,1,18,9,2,1,1,1,0.0,2500,1000,1000,2429.821846728441,0.0,1193.0133108896655,8500.0,16622.835157618105,1,0,0,0,0,0,0.0,,,,0,,1,1
2,3,15,2.0,object,2,object_2,24,60,7,14,11,6,1,7,2,1,0.0,2500,1000,1000,2798.009827532011,0.0,1225.0572778812805,7500.0,16023.06710541329,1,0,0,0,0,0,0.0,,,,0,,1,1
2,3,17,2.0,tool,2,tool_2,25,61,5,10,9,5,1,5,2,1,0.0,2500,1000,1000,2437.100414081782,1800.0,1274.040752520812,8500.0,18511.141166602596,1,1,9,1,1,1,4500.0,2.0,2.0,4.0,-1,1.0,1,1
2,3,17,2.0,animal,2,animal_2,26,62,4,8,7,4,1,4,2,1,0.0,2500,1000,1000,2216.141537230765,0.0,1363.305952377491,8500.0,16579.447489608257,1,0,0,0,0,0,0.0,,,,0,,1,1
2,3,13,2.0,face,1,face_1,27,63,3,5,18,9,2,3,1,1,0.0,2500,1000,1000,2170.8931358749405,0.0,1025.517076688857,6500.0,14196.410212563798,1,0,0,0,0,0,0.0,,,,0,,1,1
2,4,16,1.6,leg,2,leg_2,28,64,6,12,10,5,2,6,2,1,11.25,2500,1000,1000,2974.305431335104,0.0,1582.7022859261258,10000.0,19068.25771726123,1,0,0,0,0,0,0.0,,,,0,,1,1
2,4,17,1.6,hand,2,hand_2,29,65,1,2,1,1,1,1,2,1,0.0,2500,1000,1000,2423.653295636039,0.0,1562.1213033006115,10625.0,19110.774598936652,1,0,0,0,0,0,0.0,,,,0,,1,1
2,4,17,1.6,house,1,house_1,30,66,2,3,2,1,2,2,1,1,0.0,2500,1000,1000,2041.6446826284828,0.0,1340.9577358197982,10625.0,18507.60241844828,1,0,0,0,0,0,0.0,,,,0,,1,1
2,4,12,1.6,animal,1,animal_1,31,67,4,7,1,1,1,4,1,1,0.0,2500,1000,1000,2408.826008130801,0.0,1334.0165049302339,7500.0,15742.842513061034,1,0,0,0,0,0,0.0,,,,0,,1,1
2,4,16,1.6,food,1,food_1,32,68,8,15,13,7,1,8,1,1,0.0,2500,1000,1000,2451.2803241803676,0.0,1553.5299920392044,10000.0,18504.810316219573,1,0,0,0,0,0,0.0,,,,0,,1,1
2,4,16,1.6,object,2,object_2,33,69,7,14,12,6,2,7,2,1,0.0,2500,1000,1000,2688.7720195612596,0.0,1314.9536560277004,10000.0,18503.72567558896,1,0,0,0,0,0,0.0,,,,0,,1,1
2,4,15,1.6,tool,2,tool_2,34,70,5,10,7,4,1,5,2,1,0.0,2500,1000,1000,2182.836604081161,0.0,1247.3027642077363,9375.0,17305.139368288896,1,0,0,0,0,0,0.0,,,,0,,1,1
2,4,14,1.6,face,1,face_1,35,71,3,5,1,1,1,3,1,1,0.0,2500,1000,1000,2517.5668343851607,0.0,1368.87434683088,8750.0,17136.44118121604,1,0,0,0,0,0,0.0,,,,0,,1,1
2,4,13,1.6,shape,2,shape_2,36,72,9,18,13,7,1,9,2,1,0.0,2500,1000,1000,2243.836839462004,0.0,1715.9254446756577,8125.0,16584.76228413766,1,0,0,0,0,0,0.0,,,,0,,1,1
3,1,15,1.6,face,1,face_1,1,73,3,5,2,1,2,3,1,1,11.25,2500,1000,1000,2418.285909652293,0.0,1562.3157296272311,9375.0,17866.851639279525,1,0,0,0,0,0,0.0,,,,0,,1,1
3,1,17,1.6,food,1,food_1,2,74,8,15,14,7,2,8,1,1,0.0,2500,1000,1000,2527.8544558373046,0.0,1757.641558397432,10625.0,19410.496014234737,1,0,0,0,0,0,0.0,,,,0,,1,1
3,1,17,1.6,leg,2,leg_2,3,75,6,12,11,6,1,6,2,1,0.0,2500,1000,1000,2731.080454818702,0.0,1439.1308657796358,10625.0,19295.21132059834,1,0,0,0,0,0,0.0,,,,0,,1,1
3,1,13,1.6,house,2,house_2,4,76,2,4,17,9,1,2,2,1,0.0,2500,1000,1000,2571.3662284872216,0.0,1553.7705325176762,8125.0,16750.1367610049,1,0,0,0,0,0,0.0,,,,0,,1,1
3,1,16,1.6,tool,2,tool_2,5,77,5,10,8,4,2,5,2,1,0.0,2500,1000,1000,2112.058891994497,0.0,1398.517749561577,10000.0,18010.576641556072,1,0,0,0,0,0,0.0,,,,0,,1,1
3,1,14,1.6,shape,1,shape_1,6,78,9,17,13,7,1,9,1,1,0.0,2500,1000,1000,2198.1589998996706,0.0,1829.58336992717,8750.0,17277.74236982684,1,0,0,0,0,0,0.0,,,,0,,1,1
3,1,17,1.6,object,2,object_2,7,79,7,14,13,7,1,7,2,1,0.0,2500,1000,1000,2105.824742883015,0.0,1400.5856435670294,10625.0,18631.410386450043,1,0,0,0,0,0,0.0,,,,0,,1,1
3,1,13,1.6,animal,1,animal_1,8,80,4,7,2,1,2,4,1,1,0.0,2500,1000,1000,2312.4702404236195,0.0,1275.7557218017678,8125.0,16213.225962225388,1,0,0,0,0,0,0.0,,,,0,,1,1
3,1,15,1.6,hand,1,hand_1,9,81,1,1,16,8,2,1,1,1,0.0,2500,1000,1000,2431.776805294711,0.0,1549.0737362084342,9375.0,17855.850541503147,1,0,0,0,0,0,0.0,,,,0,,1,1
3,2,17,2.0,food,2,food_2,10,82,8,16,15,8,1,8,2,1,9.0,2500,1000,1000,2629.122199461179,0.0,1228.3614229288364,8500.0,16866.483622390013,1,0,0,0,0,0,0.0,,,,0,,1,1
3,2,16,2.0,house,2,house_2,11,83,2,4,2,1,2,2,2,1,0.0,2500,1000,1000,2300.0720305203167,0.0,1039.9225110779607,8000.0,15839.994541598277,1,0,0,0,0,0,0.0,,,,0,,1,1
3,2,12,2.0,animal,2,animal_2,12,84,4,8,2,1,2,4,2,1,0.0,2500,1000,1000,2578.3147431676616,0.0,1403.6045112726035,6000.0,14481.919254440265,1,0,0,0,0,0,0.0,,,,0,,1,1
3,2,14,2.0,face,1,face_1,13,85,3,5,1,1,1,3,1,1,0.0,2500,1000,1000,2484.076964465425,1800.0,1173.7606162026573,7000.0,16957.83758066808,1,1,10,15,8,1,5000.0,9.0,2.0,18.0,1,-1.0,1,1
3,2,13,2.0,leg,1,leg_1,14,86,6,11,6,3,2,6,1,1,0.0,2500,1000,1000,2959.4542279349607,1800.0,1479.3234889339574,6500.0,17238.777716868917,1,1,9,2,1,2,4500.0,2.0,1.0,3.0,-1,1.0,1,1
3,2,12,2.0,hand,1,hand_1,15,87,1,1,13,7,1,1,1,1,0.0,2500,1000,1000,2145.338040803135,0.0,1251.2839857765268,6000.0,13896.622026579662,1,0,0,0,0,0,0.0,,,,0,,1,1
3,2,13,2.0,shape,1,shape_1,16,88,9,17,12,6,2,9,1,1,0.0,2500,1000,1000,2309.5400868865036,0.0,1489.964367822848,6500.0,14799.504454709351,1,0,0,0,0,0,0.0,,,,0,,1,1
3,2,12,2.0,tool,2,tool_2,17,89,5,10,4,2,2,5,2,1,0.0,2500,1000,1000,2703.478751368373,1800.0,1446.474010510317,6000.0,16449.95276187869,1,1,7,17,9,1,3500.0,1.0,2.0,2.0,-1,1.0,1,1
3,2,16,2.0,object,2,object_2,18,90,7,14,12,6,2,7,2,1,0.0,2500,1000,1000,2782.612690650288,1800.0,1466.855654783913,8000.0,18549.4683454342,1,1,11,7,4,1,5500.0,5.0,2.0,10.0,1,-1.0,1,1
3,3,12,1.6,house,1,house_1,19,91,2,3,15,8,1,2,1,1,11.25,2500,1000,1000,2997.3049704539153,0.0,1656.969099652916,7500.0,16665.524070106832,1,0,0,0,0,0,0.0,,,,0,,1,1
3,3,16,1.6,animal,2,animal_2,20,92,4,8,6,3,2,4,2,1,0.0,2500,1000,1000,2506.1454625622323,1800.0,1770.8804020319296,10000.0,20577.02586459416,1,1,9,17,9,1,5625.0,1.0,2.0,2.0,-1,1.0,1,1
3,3,13,1.6,face,2,face_2,21,93,3,6,1,1,1,3,2,1,0.0,2500,1000,1000,2820.0097229135195,0.0,1301.21906138921,8125.0,16746.22878430273,1,0,0,0,0,0,0.0,,,,0,,1,1
3,3,12,1.6,hand,2,hand_2,22,94,1,2,14,7,2,1,2,1,0.0,2500,1000,1000,2204.7006299711265,0.0,1548.1414260372544,7500.0,15752.842056008381,1,0,0,0,0,0,0.0,,,,0,,1,1
3,3,15,1.6,food,2,food_2,23,95,8,16,13,7,1,8,2,1,0.0,2500,1000,1000,2235.3931248545487,1800.0,1339.9040049842995,9375.0,19250.297129838847,1,1,11,9,5,1,6875.0,6.0,2.0,12.0,1,-1.0,1,1
3,3,16,1.6,tool,1,tool_1,24,96,5,9,7,4,1,5,1,1,0.0,2500,1000,1000,2047.0502887229056,0.0,1617.9386938218345,10000.0,18164.98898254474,1,0,0,0,0,0,0.0,,,,0,,1,1
3,3,14,1.6,object,1,object_1,25,97,7,13,9,5,1,7,1,1,0.0,2500,1000,1000,2434.957452017648,0.0,1313.5270685045768,8750.0,16998.484520522223,1,0,0,0,0,0,0.0,,,,0,,1,1
3,3,14,1.6,shape,2,shape_2,26,98,9,18,14,7,2,9,2,1,0.0,2500,1000,1000,2627.3801692236602,0.0,1807.3769419189846,8750.0,17684.757111142644,1,0,0,0,0,0,0.0,,,,0,,1,1
3,3,12,1.6,leg,1,leg_1,27,99,6,11,5,3,1,6,1,1,0.0,2500,1000,1000,2055.8702653954265,0.0,1784.9755578165384,7500.0,15840.845823211965,1,0,0,0,0,0,0.0,,,,0,,1,1
3,4,17,2.0,leg,2,leg_2,28,100,6,12,11,6,1,6,2,1,9.0,2500,1000,1000,2321.727076246927,0.0,1123.5315559344851,8500.0,16454.258632181412,1,0,0,0,0,0,0.0,,,,0,,1,1
3,4,16,2.0,tool,1,tool_1,29,101,5,9,7,4,1,5,1,1,0.0,2500,1000,1000,2011.0359538482423,0.0,1292.661026725527,8000.0,15803.69698057377,1,0,0,0,0,0,0.0,,,,0,,1,1
3,4,13,2.0,shape,2,shape_2,30,102,9,18,13,7,1,9,2,1,0.0,2500,1000,1000,2964.55892715594,0.0,1104.8566675566467,6500.0,15069.415594712587,1,0,0,0,0,0,0.0,,,,0,,1,1
3,4,15,2.0,object,1,object_1,31,103,7,13,10,5,2,7,1,1,0.0,2500,1000,1000,2267.844703266366,0.0,1055.9229163469067,7500.0,15323.767619613272,1,0,0,0,0,0,0.0,,,,0,,1,1
3,4,14,2.0,food,1,food_1,32,104,8,15,11,6,1,8,1,1,0.0,2500,1000,1000,2184.432045923075,0.0,1038.9190742055202,7000.0,14723.351120128595,1,0,0,0,0,0,0.0,,,,0,,1,1
3,4,15,2.0,animal,1,animal_1,33,105,4,7,4,2,2,4,1,1,0.0,2500,1000,1000,2018.8179524999618,0.0,1256.539902621743,7500.0,15275.357855121703,1,0,0,0,0,0,0.0,,,,0,,1,1
3,4,15,2.0,hand,2,hand_2,34,106,1,2,17,9,1,1,2,1,0.0,2500,1000,1000,2963.315200014096,0.0,1193.3847259118404,7500.0,16156.699925925937,1,0,0,0,0,0,0.0,,,,0,,1,1
3,4,17,2.0,face,2,face_2,35,107,3,6,5,3,1,3,2,1,0.0,2500,1000,1000,2360.0972828438194,0.0,1492.9111457774402,8500.0,16853.00842862126,1,0,0,0,0,0,0.0,,,,0,,1,1
3,4,14,2.0,house,1,house_1,36,108,2,3,17,9,1,2,1,1,0.0,2500,1000,1000,2648.7150207274226,0.0,1345.607355676749,7000.0,15494.322376404172,1,0,0,0,0,0,0.0,,,,0,,1,1
4,1,13,2.0,animal,2,animal_2,1,109,4,8,3,2,1,4,2,1,9.0,2500,1000,1000,2137.095852163824,0.0,1457.24342740923,6500.0,14603.339279573054,1,0,0,0,0,0,0.0,,,,0,,1,1
4,1,14,2.0,shape,1,shape_1,2,110,9,17,13,7,1,9,1,1,0.0,2500,1000,1000,2349.202385310011,0.0,1447.079042208429,7000.0,15296.28142751844,1,0,0,0,0,0,0.0,,,,0,,1,1
4,1,12,2.0,face,2,face_2,3,111,3,6,18,9,2,3,2,1,0.0,2500,1000,1000,2076.3762529002265,0.0,1025.3785424096088,6000.0,13601.754795309836,1,0,0,0,0,0,0.0,,,,0,,1,1
4,1,13,2.0,hand,1,hand_1,4,112,1,1,14,7,2,1,1,1,0.0,2500,1000,1000,2908.04042529286,0.0,1422.5988469066758,6500.0,15330.639272199536,1,0,0,0,0,0,0.0,,,,0,,1,1
4,1,15,2.0,food,1,food_1,5,113,8,15,12,6,2,8,1,1,0.0,2500,1000,1000,2503.221442341069,0.0,1387.0805215982266,7500.0,15890.301963939297,1,0,0,0,0,0,0.0,,,,0,,1,1
4,1,14,2.0,leg,1,leg_1,6,114,6,11,7,4,1,6,1,1,0.0,2500,1000,1000,2056.328786212661,0.0,1230.0682172045274,7000.0,14786.397003417187,1,0,0,0,0,0,0.0,,,,0,,1,1
4,1,17,2.0,tool,1,tool_1,7,115,5,9,8,4,2,5,1,1,0.0,2500,1000,1000,2235.8042444569214,0.0,1109.0322384618096,8500.0,16344.83648291873,1,0,0,0,0,0,0.0,,,,0,,1,1
4,1,15,2.0,house,1,house_1,8,116,2,3,18,9,2,2,1,1,0.0,2500,1000,1000,2470.200877019166,0.0,1255.7442824987575,7500.0,15725.945159517923,1,0,0,0,0,0,0.0,,,,0,,1,1
4,1,17,2.0,object,2,object_2,9,117,7,14,13,7,1,7,2,1,0.0,2500,1000,1000,2277.409053015207,0.0,1043.7987174363077,8500.0,16321.207770451514,1,0,0,0,0,0,0.0,,,,0,,1,1
4,2,15,1.6,shape,2,shape_2,10,118,9,18,15,8,1,9,2,1,11.25,2500,1000,1000,2389.155875119571,0.0,1283.9594318274114,9375.0,17559.365306946984,1,0,0,0,0,0,0.0,,,,0,,1,1
4,2,17,1.6,animal,2,animal_2,11,119,4,8,7,4,1,4,2,1,0.0,2500,1000,1000,2640.7253059577433,1800.0,1571.6742833843443,10625.0,21137.399589342087,1,1,13,3,2,1,8125.0,1.0,2.0,2.0,1,-1.0,1,1
4,2,12,1.6,leg,2,leg_2,12,120,6,12,6,3,2,6,2,1,0.0,2500,1000,1000,2220.034493190984,0.0,1313.6169085283539,7500.0,15533.651401719337,1,0,0,0,0,0,0.0,,,,0,,1,1
4,2,14,1.6,face,2,face_2,13,121,3,6,2,1,2,3,2,1,0.0,2500,1000,1000,2052.743237914254,0.0,1427.5030426823055,8750.0,16730.24628059656,1,0,0,0,0,0,0.0,,,,0,,1,1
4,2,15,1.6,object,1,object_1,14,122,7,13,10,5,2,7,1,1,0.0,2500,1000,1000,2906.700113830327,0.0,1341.3673341922777,9375.0,18123.067448022604,1,0,0,0,0,0,0.0,,,,0,,1,1
4,2,13,1.6,house,1,house_1,15,123,2,3,16,8,2,2,1,1,0.0,2500,1000,1000,2952.961412553955,0.0,1419.4965089496761,8125.0,16997.457921503632,1,0,0,0,0,0,0.0,,,,0,,1,1
4,2,13,1.6,hand,2,hand_2,16,124,1,2,15,8,1,1,2,1,0.0,2500,1000,1000,2682.315829403892,1800.0,1770.4270531150898,8125.0,18877.74288251898,1,1,7,9,5,1,4375.0,4.0,2.0,8.0,-1,1.0,1,1
4,2,17,1.6,tool,1,tool_1,17,125,5,9,8,4,2,5,1,1,0.0,2500,1000,1000,2202.1829916491047,0.0,1466.5992044334555,10625.0,18793.78219608256,1,0,0,0,0,0,0.0,,,,0,,1,1
4,2,12,1.6,food,1,food_1,18,126,8,15,9,5,1,8,1,1,0.0,2500,1000,1000,2291.057229981794,0.0,1767.8114508845456,7500.0,16058.86868086634,1,0,0,0,0,0,0.0,,,,0,,1,1
4,3,12,2.0,food,2,food_2,19,127,8,16,10,5,2,8,2,1,9.0,2500,1000,1000,2323.0826486706596,0.0,1128.668996170529,6000.0,13960.751644841188,1,0,0,0,0,0,0.0,,,,0,,1,1
4,3,15,2.0,face,1,face_1,20,128,3,5,2,1,2,3,1,1,0.0,2500,1000,1000,2433.3562161949526,0.0,1156.8195924237573,7500.0,15590.17580861871,1,0,0,0,0,0,0.0,,,,0,,1,1
4,3,14,2.0,shape,2,shape_2,21,129,9,18,14,7,2,9,2,1,0.0,2500,1000,1000,2834.577475520714,1800.0,1398.9880555396487,7000.0,17533.56553106036,1,1,9,9,5,1,4500.0,4.0,2.0,8.0,-1,1.0,1,1
4,3,16,2.0,object,1,object_1,22,130,7,13,11,6,1,7,1,1,0.0,2500,1000,1000,2090.777345272713,1800.0,1014.1802451024739,8000.0,17404.957590375187,1,1,9,4,2,2,4500.0,1.0,1.0,1.0,-1,1.0,1,1
4,3,12,2.0,leg,2,leg_2,23,131,6,12,6,3,2,6,2,1,0.0,2500,1000,1000,2408.6068221766586,0.0,1164.9723992314196,6000.0,14073.579221408078,1,0,0,0,0,0,0.0,,,,0,,1,1
4,3,16,2.0,hand,2,hand_2,24,132,1,2,18,9,2,1,2,1,0.0,2500,1000,1000,2797.9303096977114,0.0,1483.5951933947858,8000.0,16781.525503092496,1,0,0,0,0,0,0.0,,,,0,,1,1
4,3,16,2.0,animal,1,animal_1,25,133,4,7,5,3,1,4,1,1,0.0,2500,1000,1000,2496.626655434288,0.0,1332.1497882883602,8000.0,16328.776443722647,1,0,0,0,0,0,0.0,,,,0,,1,1
4,3,17,2.0,house,2,house_2,26,134,2,4,3,2,1,2,2,1,0.0,2500,1000,1000,2729.187912802137,0.0,1136.7334565859603,8500.0,16865.921369388096,1,0,0,0,0,0,0.0,,,,0,,1,1
4,3,13,2.0,tool,2,tool_2,27,135,5,10,5,3,1,5,2,1,0.0,2500,1000,1000,2174.1538021879965,1800.0,1149.0387071522448,6500.0,16123.192509340242,1,1,8,18,9,2,4000.0,8.0,1.0,15.0,-1,1.0,1,1
4,4,14,1.6,house,2,house_2,28,136,2,4,18,9,2,2,2,1,11.25,2500,1000,1000,2157.067249396354,0.0,1488.9998759413988,8750.0,16907.31712533775,1,0,0,0,0,0,0.0,,,,0,,1,1
4,4,13,1.6,leg,1,leg_1,29,137,6,11,6,3,2,6,1,1,0.0,2500,1000,1000,2951.6023337905863,0.0,1638.5005872860306,8125.0,17215.102921076617,1,0,0,0,0,0,0.0,,,,0,,1,1
4,4,16,1.6,hand,1,hand_1,30,138,1,1,17,9,1,1,1,1,0.0,2500,1000,1000,2698.6805949099394,0.0,1672.302553104311,10000.0,18870.983148014253,1,0,0,0,0,0,0.0,,,,0,,1,1
4,4,12,1.6,object,2,object_2,31,139,7,14,8,4,2,7,2,1,0.0,2500,1000,1000,2465.6500504675687,0.0,1809.1199831127278,7500.0,16274.770033580297,1,0,0,0,0,0,0.0,,,,0,,1,1
4,4,16,1.6,food,2,food_2,32,140,8,16,14,7,2,8,2,1,0.0,2500,1000,1000,2354.6040467420767,1800.0,1292.8981774864026,10000.0,19947.50222422848,1,1,8,6,3,2,5000.0,2.0,1.0,3.0,-1,1.0,1,1
4,4,17,1.6,tool,2,tool_2,33,141,5,10,9,5,1,5,2,1,0.0,2500,1000,1000,2526.365192368345,0.0,1247.2200281867358,10625.0,18898.58522055508,1,0,0,0,0,0,0.0,,,,0,,1,1
4,4,15,1.6,shape,1,shape_1,34,142,9,17,14,7,2,9,1,1,0.0,2500,1000,1000,2455.032614772896,0.0,1267.991137066207,9375.0,17598.0237518391,1,0,0,0,0,0,0.0,,,,0,,1,1
4,4,14,1.6,animal,1,animal_1,35,143,4,7,3,2,1,4,1,1,0.0,2500,1000,1000,2797.0896381080984,0.0,1427.024845871349,8750.0,17474.114483979447,1,0,0,0,0,0,0.0,,,,0,,1,1
4,4,16,1.6,face,1,face_1,36,144,3,5,3,2,1,3,1,1,0.0,2500,1000,1000,2088.4337594220606,0.0,1666.0063855163808,10000.0,18254.440144938442,1,0,0,0,0,0,0.0,,,,0,,1,1
5,1,17,1.6,food,2,food_2,1,145,8,16,15,8,1,8,2,1,11.25,2500,1000,1000,2001.944319040393,0.0,1245.6116919448339,10625.0,18383.806010985227,1,0,0,0,0,0,0.0,,,,0,,1,1
5,1,15,1.6,animal,1,animal_1,2,146,4,7,4,2,2,4,1,1,0.0,2500,1000,1000,2037.6947422664693,0.0,1476.9302278525256,9375.0,17389.624970118995,1,0,0,0,0,0,0.0,,,,0,,1,1
5,1,17,1.6,face,1,face_1,3,147,3,5,4,2,2,3,1,1,0.0,2500,1000,1000,2276.5270985004026,0.0,1335.4280889739719,10625.0,18736.955187474374,1,0,0,0,0,0,0.0,,,,0,,1,1
5,1,14,1.6,hand,2,hand_2,4,148,1,2,16,8,2,1,2,1,0.0,2500,1000,1000,2233.065414429782,0.0,1340.1504601954505,8750.0,16823.21587462523,1,0,0,0,0,0,0.0,,,,0,,1,1
5,1,16,1.6,shape,2,shape_2,5,149,9,18,16,8,2,9,2,1,0.0,2500,1000,1000,2173.958354366634,0.0,1632.6015552160243,10000.0,18306.55990958266,1,0,0,0,0,0,0.0,,,,0,,1,1
5,1,14,1.6,house,1,house_1,6,150,2,3,17,9,1,2,1,1,0.0,2500,1000,1000,2541.4108891340684,0.0,1468.4892133333663,8750.0,17259.900102467436,1,0,0,0,0,0,0.0,,,,0,,1,1
5,1,12,1.6,tool,1,tool_1,7,151,5,9,3,2,1,5,1,1,0.0,2500,1000,1000,2873.927017187917,0.0,1406.0272447180269,7500.0,16279.954261905943,1,0,0,0,0,0,0.0,,,,0,,1,1
5,1,13,1.6,leg,2,leg_2,8,152,6,12,7,4,1,6,2,1,0.0,2500,1000,1000,2000.3106737375545,1800.0,1613.6301522986007,8125.0,18038.940826036156,1,1,9,3,2,1,5625.0,1.0,2.0,2.0,-1,1.0,1,1
5,1,13,1.6,object,2,object_2,9,153,7,14,9,5,1,7,2,1,0.0,2500,1000,1000,2475.2273984312137,1800.0,1568.7814483877914,8125.0,18469.008846819008,1,1,8,4,2,2,5000.0,1.0,1.0,1.0,-1,1.0,1,1
5,2,15,2.0,shape,1,shape_1,10,154,9,17,14,7,2,9,1,1,9.0,2500,1000,1000,2706.2048764404026,1800.0,1237.1893641554682,7500.0,17752.394240595873,1,1,9,8,4,2,4500.0,3.0,1.0,5.0,1,-1.0,1,1
5,2,12,2.0,tool,1,tool_1,11,155,5,9,3,2,1,5,1,1,0.0,2500,1000,1000,2889.8475735523743,0.0,1342.0910241289089,6000.0,14731.938597681283,1,0,0,0,0,0,0.0,,,,0,,1,1
5,2,12,2.0,object,2,object_2,12,156,7,14,8,4,2,7,2,1,0.0,2500,1000,1000,2414.99739684473,0.0,1211.4186839871504,6000.0,14126.416080831881,1,0,0,0,0,0,0.0,,,,0,,1,1
5,2,13,2.0,food,2,food_2,13,157,8,16,11,6,1,8,2,1,0.0,2500,1000,1000,2415.2157346705053,0.0,1289.5500999594235,6500.0,14704.765834629929,1,0,0,0,0,0,0.0,,,,0,,1,1
5,2,16,2.0,face,1,face_1,14,158,3,5,3,2,1,3,1,1,0.0,2500,1000,1000,2005.0982079744895,0.0,1007.4337992734177,8000.0,15512.532007247908,1,0,0,0,0,0,0.0,,,,0,,1,1
5,2,12,2.0,house,2,house_2,15,159,2,4,16,8,2,2,2,1,0.0,2500,1000,1000,2716.8577559866003,1800.0,1386.3643016016313,6000.0,16403.22205758823,1,1,6,10,5,2,3000.0,4.0,1.0,7.0,1,-1.0,1,1
5,2,17,2.0,animal,1,animal_1,16,160,4,7,6,3,2,4,1,1,0.0,2500,1000,1000,2221.996054119584,0.0,1202.189884535401,8500.0,16424.185938654984,1,0,0,0,0,0,0.0,,,,0,,1,1
5,2,14,2.0,hand,1,hand_1,17,161,1,1,15,8,1,1,1,1,0.0,2500,1000,1000,2466.726550666167,0.0,1429.3336964456423,7000.0,15396.060247111809,1,0,0,0,0,0,0.0,,,,0,,1,1
5,2,15,2.0,leg,1,leg_1,18,162,6,11,8,4,2,6,1,1,0.0,2500,1000,1000,2210.719178273601,0.0,1492.0878560107215,7500.0,15702.807034284322,1,0,0,0,0,0,0.0,,,,0,,1,1
5,3,15,1.6,house,2,house_2,19,163,2,4,1,1,1,2,2,1,11.25,2500,1000,1000,2132.7676165398443,0.0,1652.5950230722572,9375.0,17671.612639612104,1,0,0,0,0,0,0.0,,,,0,,1,1
5,3,17,1.6,hand,1,hand_1,20,164,1,1,18,9,2,1,1,1,0.0,2500,1000,1000,2700.9857399135494,0.0,1252.845596321529,10625.0,19078.83133623508,1,0,0,0,0,0,0.0,,,,0,,1,1
5,3,16,1.6,object,1,object_1,21,165,7,13,11,6,1,7,1,1,0.0,2500,1000,1000,2550.964806059886,0.0,1349.5969790353136,10000.0,18400.5617850952,1,0,0,0,0,0,0.0,,,,0,,1,1
5,3,12,1.6,animal,2,animal_2,22,166,4,8,2,1,2,4,2,1,0.0,2500,1000,1000,2421.289695902511,0.0,1743.6007365175105,7500.0,16164.890432420021,1,0,0,0,0,0,0.0,,,,0,,1,1
5,3,15,1.6,face,2,face_2,23,167,3,6,3,2,1,3,2,1,0.0,2500,1000,1000,2036.1797021918221,0.0,1334.2896172552398,9375.0,17245.46931944706,1,0,0,0,0,0,0.0,,,,0,,1,1
5,3,13,1.6,food,1,food_1,24,168,8,15,10,5,2,8,1,1,0.0,2500,1000,1000,2747.7808668463736,0.0,1308.170318665997,8125.0,16680.95118551237,1,0,0,0,0,0,0.0,,,,0,,1,1
5,3,14,1.6,leg,1,leg_1,25,169,6,11,7,4,1,6,1,1,0.0,2500,1000,1000,2069.0789739093575,0.0,1325.1465686650713,8750.0,16644.22554257443,1,0,0,0,0,0,0.0,,,,0,,1,1
5,3,12,1.6,tool,2,tool_2,26,170,5,10,4,2,2,5,2,1,0.0,2500,1000,1000,2504.9263010154145,0.0,1337.8657540942731,7500.0,15842.792055109687,1,0,0,0,0,0,0.0,,,,0,,1,1
5,3,16,1.6,shape,1,shape_1,27,171,9,17,15,8,1,9,1,1,0.0,2500,1000,1000,2106.3580823106436,0.0,1698.6878202581254,10000.0,18305.045902568767,1,0,0,0,0,0,0.0,,,,0,,1,1
5,4,13,2.0,leg,2,leg_2,28,172,6,12,7,4,1,6,2,1,9.0,2500,1000,1000,2203.4431245158166,0.0,1372.404512245979,6500.0,14584.847636761795,1,0,0,0,0,0,0.0,,,,0,,1,1
5,4,16,2.0,house,1,house_1,29,173,2,3,1,1,1,2,1,1,0.0,2500,1000,1000,2445.3075863600025,1800.0,1216.8408305963192,8000.0,17962.14841695632,1,1,12,15,8,1,6000.0,7.0,2.0,14.0,1,-1.0,1,1
5,4,14,2.0,animal,2,animal_2,30,174,4,8,4,2,2,4,2,1,0.0,2500,1000,1000,2634.731629974521,0.0,1371.5635509225344,7000.0,15506.295180897056,1,0,0,0,0,0,0.0,,,,0,,1,1
5,4,13,2.0,face,2,face_2,31,175,3,6,1,1,1,3,2,1,0.0,2500,1000,1000,2456.481707395003,0.0,1040.9721087032797,6500.0,14497.453816098283,1,0,0,0,0,0,0.0,,,,0,,1,1
5,4,15,2.0,shape,2,shape_2,32,176,9,18,15,8,1,9,2,1,0.0,2500,1000,1000,2756.722384724174,0.0,1093.4200107127228,7500.0,15850.142395436897,1,0,0,0,0,0,0.0,,,,0,,1,1
5,4,17,2.0,object,1,object_1,33,177,7,13,12,6,2,7,1,1,0.0,2500,1000,1000,2031.8426422875743,0.0,1041.7433374332707,8500.0,16073.585979720845,1,0,0,0,0,0,0.0,,,,0,,1,1
5,4,17,2.0,hand,2,hand_2,34,178,1,2,1,1,1,1,2,1,0.0,2500,1000,1000,2145.110925314688,0.0,1250.2101841677477,8500.0,16395.321109482436,1,0,0,0,0,0,0.0,,,,0,,1,1
5,4,14,2.0,tool,2,tool_2,35,179,5,10,6,3,2,5,2,1,0.0,2500,1000,1000,2252.544880095095,1800.0,1216.2658906439074,7000.0,16768.810770739,1,1,8,18,9,2,4000.0,8.0,1.0,15.0,-1,1.0,1,1
5,4,16,2.0,food,1,food_1,36,180,8,15,13,7,1,8,1,1,0.0,2500,1000,1000,2838.969499906355,0.0,1012.5191108781626,8000.0,16351.488610784518,1,0,0,0,0,0,0.0,,,,0,,1,1
6,1,15,2.0,animal,2,animal_2,1,181,4,8,5,3,1,4,2,1,9.0,2500,1000,1000,2156.178243321595,1800.0,1106.4758303761803,7500.0,17071.654073697777,1,1,10,18,9,2,5000.0,8.0,1.0,15.0,1,-1.0,1,1
6,1,16,2.0,shape,2,shape_2,2,182,9,18,16,8,2,9,2,1,0.0,2500,1000,1000,2835.6414784876133,0.0,1461.9772283170485,8000.0,16797.618706804664,1,0,0,0,0,0,0.0,,,,0,,1,1
6,1,14,2.0,leg,2,leg_2,3,183,6,12,8,4,2,6,2,1,0.0,2500,1000,1000,2537.682798408141,0.0,1442.5005374505106,7000.0,15480.183335858652,1,0,0,0,0,0,0.0,,,,0,,1,1
6,1,17,2.0,house,1,house_1,4,184,2,3,2,1,2,2,1,1,0.0,2500,1000,1000,2434.0406122761215,0.0,1126.1510330784326,8500.0,16560.191645354556,1,0,0,0,0,0,0.0,,,,0,,1,1
6,1,13,2.0,object,2,object_2,5,185,7,14,9,5,1,7,2,1,0.0,2500,1000,1000,2665.993654707804,0.0,1292.9683301552493,6500.0,14958.961984863054,1,0,0,0,0,0,0.0,,,,0,,1,1
6,1,15,2.0,tool,2,tool_2,6,186,5,10,7,4,1,5,2,1,0.0,2500,1000,1000,2460.5053509563104,1800.0,1158.445013895685,7500.0,17418.950364851997,1,1,7,17,9,1,3500.0,8.0,2.0,16.0,1,-1.0,1,1
6,1,17,2.0,food,1,food_1,7,187,8,15,14,7,2,8,1,1,0.0,2500,1000,1000,2958.265032817192,0.0,1405.7417714343512,8500.0,17364.00680425154,1,0,0,0,0,0,0.0,,,,0,,1,1
6,1,12,2.0,hand,2,hand_2,8,188,1,2,14,7,2,1,2,1,0.0,2500,1000,1000,2622.264869858993,0.0,1421.2011122023266,6000.0,14543.46598206132,1,0,0,0,0,0,0.0,,,,0,,1,1
6,1,17,2.0,face,1,face_1,9,189,3,5,4,2,2,3,1,1,0.0,2500,1000,1000,2241.3779963282236,0.0,1362.8111275075719,8500.0,16604.189123835793,1,0,0,0,0,0,0.0,,,,0,,1,1
6,2,16,1.6,animal,1,animal_1,10,190,4,7,5,3,1,4,1,1,11.25,2500,1000,1000,2080.577270271647,0.0,1761.993133497305,10000.0,18353.82040376895,1,0,0,0,0,0,0.0,,,,0,,1,1
6,2,16,1.6,face,2,face_2,11,191,3,6,4,2,2,3,2,1,0.0,2500,1000,1000,2347.688419575048,0.0,1264.4475111398183,10000.0,18112.135930714867,1,0,0,0,0,0,0.0,,,,0,,1,1
6,2,17,1.6,shape,1,shape_1,12,192,9,17,16,8,2,9,1,1,0.0,2500,1000,1000,2901.617305304549,0.0,1387.244249897426,10625.0,19413.861555201976,1,0,0,0,0,0,0.0,,,,0,,1,1
6,2,12,1.6,food,2,food_2,13,193,8,16,10,5,2,8,2,1,0.0,2500,1000,1000,2012.1351304665081,0.0,1828.8683655491718,7500.0,15841.003496015679,1,0,0,0,0,0,0.0,,,,0,,1,1
6,2,15,1.6,leg,1,leg_1,14,194,6,11,8,4,2,6,1,1,0.0,2500,1000,1000,2356.105668157049,0.0,1757.5403009381866,9375.0,17988.645969095236,1,0,0,0,0,0,0.0,,,,0,,1,1
6,2,14,1.6,object,2,object_2,15,195,7,14,10,5,2,7,2,1,0.0,2500,1000,1000,2508.5202924858195,0.0,1431.9829682131515,8750.0,17190.50326069897,1,0,0,0,0,0,0.0,,,,0,,1,1
6,2,15,1.6,house,1,house_1,16,196,2,3,18,9,2,2,1,1,0.0,2500,1000,1000,2559.418557172817,0.0,1574.5562674576126,9375.0,18008.97482463043,1,0,0,0,0,0,0.0,,,,0,,1,1
6,2,13,1.6,tool,2,tool_2,17,197,5,10,5,3,1,5,2,1,0.0,2500,1000,1000,2161.251629777847,1800.0,1557.5470886644848,8125.0,18143.798718442333,1,1,6,16,8,2,3750.0,7.0,1.0,13.0,-1,1.0,1,1
6,2,15,1.6,hand,2,hand_2,18,198,1,2,17,9,1,1,2,1,0.0,2500,1000,1000,2210.944211421307,0.0,1253.1083196174197,9375.0,17339.052531038727,1,0,0,0,0,0,0.0,,,,0,,1,1
6,3,16,2.0,shape,1,shape_1,19,199,9,17,15,8,1,9,1,1,9.0,2500,1000,1000,2489.7498835843944,0.0,1150.9647546168117,8000.0,16149.714638201207,1,0,0,0,0,0,0.0,,,,0,,1,1
6,3,12,2.0,animal,1,animal_1,20,200,4,7,1,1,1,4,1,1,0.0,2500,1000,1000,2579.7345433534665,0.0,1396.6846135786604,6000.0,14476.419156932126,1,0,0,0,0,0,0.0,,,,0,,1,1
6,3,13,2.0,house,2,house_2,21,201,2,4,17,9,1,2,2,1,0.0,2500,1000,1000,2180.836815624217,0.0,1499.3700644194982,6500.0,14680.206880043716,1,0,0,0,0,0,0.0,,,,0,,1,1
6,3,12,2.0,object,1,object_1,22,202,7,13,7,4,1,7,1,1,0.0,2500,1000,1000,2377.747187659956,0.0,1206.2371481743487,6000.0,14083.984335834304,1,0,0,0,0,0,0.0,,,,0,,1,1
6,3,14,2.0,food,2,food_2,23,203,8,16,12,6,2,8,2,1,0.0,2500,1000,1000,2466.781789470124,0.0,1197.4042813885342,7000.0,15164.186070858657,1,0,0,0,0,0,0.0,,,,0,,1,1
6,3,14,2.0,face,2,face_2,24,204,3,6,2,1,2,3,2,1,0.0,2500,1000,1000,2327.709738583906,1800.0,1476.3226304634218,7000.0,17104.032369047327,1,1,9,15,8,1,4500.0,7.0,2.0,14.0,1,-1.0,1,1
6,3,16,2.0,leg,1,leg_1,25,205,6,11,9,5,1,6,1,1,0.0,2500,1000,1000,2489.585194846726,0.0,1029.5235073192384,8000.0,16019.108702165964,1,0,0,0,0,0,0.0,,,,0,,1,1
6,3,15,2.0,hand,1,hand_1,26,206,1,1,16,8,2,1,1,1,0.0,2500,1000,1000,2166.4267179039084,0.0,1187.6495345559272,7500.0,15354.076252459836,1,0,0,0,0,0,0.0,,,,0,,1,1
6,3,13,2.0,tool,1,tool_1,27,207,5,9,4,2,2,5,1,1,0.0,2500,1000,1000,2348.2410405566047,0.0,1169.3391178425402,6500.0,14517.580158399145,1,0,0,0,0,0,0.0,,,,0,,1,1
6,4,14,1.6,leg,2,leg_2,28,208,6,12,8,4,2,6,2,1,11.25,2500,1000,1000,2170.208343113417,1800.0,1555.6409783300214,8750.0,18787.09932144344,1,1,10,4,2,2,6250.0,1.0,1.0,1.0,-1,1.0,1,1
6,4,14,1.6,food,1,food_1,29,209,8,15,11,6,1,8,1,1,0.0,2500,1000,1000,2722.1147268291757,0.0,1577.5418275819789,8750.0,17549.656554411155,1,0,0,0,0,0,0.0,,,,0,,1,1
6,4,16,1.6,house,2,house_2,30,210,2,4,2,1,2,2,2,1,0.0,2500,1000,1000,2198.7943001341114,0.0,1383.9230224647742,10000.0,18082.717322598888,1,0,0,0,0,0,0.0,,,,0,,1,1
6,4,12,1.6,face,1,face_1,31,211,3,5,17,9,1,3,1,1,0.0,2500,1000,1000,2463.565473714579,0.0,1550.099917666024,7500.0,16013.665391380604,1,0,0,0,0,0,0.0,,,,0,,1,1
6,4,13,1.6,tool,1,tool_1,32,212,5,9,4,2,2,5,1,1,0.0,2500,1000,1000,2104.8963497687387,1800.0,1243.701468940739,8125.0,17773.597818709477,1,1,8,17,9,1,5000.0,8.0,2.0,16.0,1,-1.0,1,1
6,4,13,1.6,animal,2,animal_2,33,213,4,8,3,2,1,4,2,1,0.0,2500,1000,1000,2873.273067024881,0.0,1847.8826603251407,8125.0,17346.155727350022,1,0,0,0,0,0,0.0,,,,0,,1,1
6,4,12,1.6,hand,1,hand_1,34,214,1,1,13,7,1,1,1,1,0.0,2500,1000,1000,2529.707042646,0.0,1323.9329702512614,7500.0,15853.64001289726,1,0,0,0,0,0,0.0,,,,0,,1,1
6,4,17,1.6,shape,2,shape_2,35,215,9,18,17,9,1,9,2,1,0.0,2500,1000,1000,2685.455001427107,0.0,1296.456257471916,10625.0,19106.911258899025,1,0,0,0,0,0,0.0,,,,0,,1,1
6,4,17,1.6,object,1,object_1,36,216,7,13,12,6,2,7,1,1,0.0,2500,1000,1000,2168.9226221966865,0.0,1556.841563805426,10625.0,18850.76418600211,1,0,0,0,0,0,0.0,,,,0,,1,1
