run,block,distance,speed,category,category_start_id,image_id,trial_in_run,trial,category_id,start_id,target_id,target_cat,target_cat_pos,start_cat,start_cat_pos,direction,speed_cue_dur,blink_dur,sample_dur,feedback_dur,iti_dur,probe_dur,buffer_dur,ts,trial_dur,visual,is_probe,probe_dist,probe_id,probe_cat,probe_cat_pos,probe_ts,option_cat,option_cat_pos,option_id,probe_correct_pos,probe_option_pos,subject,session,seqid
1,1,17,1.6,face,2,face_2,1,1,3,6,5,3,1,3,2,1,11.25,2500,1000,1000,2231.4329508278825,0.0,1412.8922522233001,10625.0,18780.575203051183,1,0,0,0,0,0,0.0,,,,0,,7,1,1
1,1,12,1.6,tool,2,tool_2,2,2,5,10,4,2,2,5,2,1,0.0,2500,1000,1000,2173.847429729026,0.0,1690.7907734103228,7500.0,15864.638203139348,1,0,0,0,0,0,0.0,,,,0,,7,1,1
1,1,16,1.6,leg,1,leg_1,3,3,6,11,9,5,1,6,1,1,0.0,2500,1000,1000,2284.7168895869836,0.0,1411.1498111388462,10000.0,18195.86670072583,1,0,0,0,0,0,0.0,,,,0,,7,1,1
1,1,14,1.6,face,2,face_2,4,4,3,6,2,1,2,3,2,1,0.0,2500,1000,1000,2122.262783010001,0.0,1552.1460907154353,8750.0,16924.408873725435,1,0,0,0,0,0,0.0,,,,0,,7,1,1
1,1,13,1.6,food,2,food_2,5,5,8,16,11,6,1,8,2,1,0.0,2500,1000,1000,2078.3943251588753,0.0,1522.313609319839,8125.0,16225.707934478714,1,0,0,0,0,0,0.0,,,,0,,7,1,1
1,1,15,1.6,object,1,object_1,6,6,7,13,10,5,2,7,1,1,0.0,2500,1000,1000,2062.6249002087743,1800.0,1659.7936927263765,9375.0,19397.41859293515,1,1,8,3,2,1,5000.0,3.0,2.0,6.0,1,-1.0,7,1,1
1,1,16,1.6,leg,2,leg_2,7,7,6,12,10,5,2,6,2,1,0.0,2500,1000,1000,2423.0548003227727,1800.0,1287.9764294930842,10000.0,20011.031229815857,1,1,10,4,2,2,6250.0,3.0,1.0,5.0,1,-1.0,7,1,1
1,1,13,1.6,tool,2,tool_2,8,8,5,10,5,3,1,5,2,1,0.0,2500,1000,1000,2665.6223002711668,0.0,1352.3523040708765,8125.0,16642.974604342045,1,0,0,0,0,0,0.0,,,,0,,7,1,1
1,1,14,1.6,house,1,house_1,9,9,2,3,17,9,1,2,1,1,0.0,2500,1000,1000,2164.826364608818,1800.0,1786.0438310187344,8750.0,19000.870195627554,1,1,10,13,7,1,6250.0,8.0,2.0,16.0,-1,1.0,7,1,1
1,2,16,2.0,tool,2,tool_2,10,10,5,10,8,4,2,5,2,1,9.0,2500,1000,1000,2516.2266426041892,0.0,1485.8500802921822,8000.0,16511.076722896374,1,0,0,0,0,0,0.0,,,,0,,7,1,1
1,2,16,2.0,house,2,house_2,11,11,2,4,2,1,2,2,2,1,0.0,2500,1000,1000,2589.742862996756,0.0,1327.020382692496,8000.0,16416.763245689253,1,0,0,0,0,0,0.0,,,,0,,7,1,1
1,2,17,2.0,leg,2,leg_2,12,12,6,12,11,6,1,6,2,1,0.0,2500,1000,1000,2335.3081138712796,0.0,1437.0741225288364,8500.0,16772.382236400117,1,0,0,0,0,0,0.0,,,,0,,7,1,1
1,2,14,2.0,face,2,face_2,13,13,3,6,2,1,2,3,2,1,0.0,2500,1000,1000,2254.6497136075363,0.0,1480.499317382274,7000.0,15235.14903098981,1,0,0,0,0,0,0.0,,,,0,,7,1,1
1,2,17,2.0,animal,1,animal_1,14,14,4,7,6,3,2,4,1,1,0.0,2500,1000,1000,2283.03375589813,0.0,1169.5322036106259,8500.0,16452.565959508756,1,0,0,0,0,0,0.0,,,,0,,7,1,1
1,2,14,2.0,animal,2,animal_2,15,15,4,8,4,2,2,4,2,1,0.0,2500,1000,1000,2824.4372176191655,0.0,1198.2424338717963,7000.0,15522.679651490962,1,0,0,0,0,0,0.0,,,,0,,7,1,1
1,2,13,2.0,animal,1,animal_1,16,16,4,7,2,1,2,4,1,1,0.0,2500,1000,1000,2020.6116433749562,0.0,1333.6836611320537,6500.0,14354.29530450701,1,0,0,0,0,0,0.0,,,,0,,7,1,1
1,2,17,2.0,house,1,house_1,17,17,2,3,2,1,2,2,1,1,0.0,2500,1000,1000,2373.836972520019,0.0,1248.1634836618243,8500.0,16622.000456181842,1,0,0,0,0,0,0.0,,,,0,,7,1,1
1,2,12,2.0,face,2,face_2,18,18,3,6,18,9,2,3,2,1,0.0,2500,1000,1000,2308.7233844158577,0.0,1293.803868029104,6000.0,14102.527252444961,1,0,0,0,0,0,0.0,,,,0,,7,1,1
1,3,14,1.6,house,1,house_1,19,19,2,3,17,9,1,2,1,1,11.25,2500,1000,1000,2063.9711237592655,0.0,1385.1180860735765,8750.0,16710.33920983284,0,0,0,0,0,0,0.0,,,,0,,7,1,1
1,3,15,1.6,hand,1,hand_1,20,20,1,1,16,8,2,1,1,1,0.0,2500,1000,1000,2087.787384001531,1800.0,1731.7470214615178,9375.0,19494.534405463048,0,1,7,8,4,2,4375.0,5.0,1.0,9.0,-1,1.0,7,1,1
1,3,15,1.6,animal,1,animal_1,21,21,4,7,4,2,2,4,1,1,0.0,2500,1000,1000,2846.080844734539,0.0,1754.3680640417388,9375.0,18475.448908776278,0,0,0,0,0,0,0.0,,,,0,,7,1,1
1,3,17,1.6,face,2,face_2,22,22,3,6,5,3,1,3,2,1,0.0,2500,1000,1000,2817.8252273766802,1800.0,1458.775378796269,10625.0,21201.60060617295,0,1,13,1,1,1,8125.0,2.0,2.0,4.0,-1,1.0,7,1,1
1,3,12,1.6,animal,2,animal_2,23,23,4,8,2,1,2,4,2,1,0.0,2500,1000,1000,2247.25124382232,0.0,1709.9663385182005,7500.0,15957.217582340521,0,0,0,0,0,0,0.0,,,,0,,7,1,1
1,3,13,1.6,house,2,house_2,24,24,2,4,17,9,1,2,2,1,0.0,2500,1000,1000,2210.3120786969416,0.0,1487.0254037053398,8125.0,16322.337482402281,0,0,0,0,0,0,0.0,,,,0,,7,1,1
1,3,12,1.6,tool,2,tool_2,25,25,5,10,4,2,2,5,2,1,0.0,2500,1000,1000,2949.722964604919,0.0,1479.532039772774,7500.0,16429.255004377694,0,0,0,0,0,0,0.0,,,,0,,7,1,1
1,3,16,1.6,hand,2,hand_2,26,26,1,2,18,9,2,1,2,1,0.0,2500,1000,1000,2968.725014493936,0.0,1363.1905175169734,10000.0,18831.91553201091,0,0,0,0,0,0,0.0,,,,0,,7,1,1
1,3,17,1.6,leg,2,leg_2,27,27,6,12,11,6,1,6,2,1,0.0,2500,1000,1000,2655.6741423920757,0.0,1456.5708316164419,10625.0,19237.244974008518,0,0,0,0,0,0,0.0,,,,0,,7,1,1
1,4,13,2.0,shape,2,shape_2,28,28,9,18,13,7,1,9,2,1,9.0,2500,1000,1000,2222.3090102465494,0.0,1408.7916435911654,6500.0,14640.100653837715,0,0,0,0,0,0,0.0,,,,0,,7,1,1
1,4,12,2.0,house,2,house_2,29,29,2,4,16,8,2,2,2,1,0.0,2500,1000,1000,2565.17264425833,0.0,1494.9870638353327,6000.0,14560.159708093663,0,0,0,0,0,0,0.0,,,,0,,7,1,1
1,4,15,2.0,hand,1,hand_1,30,30,1,1,16,8,2,1,1,1,0.0,2500,1000,1000,2539.833118640095,0.0,1377.8006609192148,7500.0,15917.63377955931,0,0,0,0,0,0,0.0,,,,0,,7,1,1
1,4,12,2.0,leg,1,leg_1,31,31,6,11,5,3,1,6,1,1,0.0,2500,1000,1000,2541.83482963556,0.0,1490.9999167157057,6000.0,14532.834746351265,0,0,0,0,0,0,0.0,,,,0,,7,1,1
1,4,15,2.0,object,2,object_2,32,32,7,14,11,6,1,7,2,1,0.0,2500,1000,1000,2310.5052276905226,1800.0,1297.8466024227812,7500.0,17408.351830113304,0,1,10,6,3,2,5000.0,4.0,1.0,7.0,1,-1.0,7,1,1
1,4,15,2.0,animal,1,animal_1,33,33,4,7,4,2,2,4,1,1,0.0,2500,1000,1000,2507.2417060838297,0.0,1319.5337527112677,7500.0,15826.775458795097,0,0,0,0,0,0,0.0,,,,0,,7,1,1
1,4,13,2.0,food,2,food_2,34,34,8,16,11,6,1,8,2,1,0.0,2500,1000,1000,2083.1994498526974,0.0,1461.5526262960684,6500.0,14544.752076148765,0,0,0,0,0,0,0.0,,,,0,,7,1,1
1,4,16,2.0,animal,2,animal_2,35,35,4,8,6,3,2,4,2,1,0.0,2500,1000,1000,2875.6683013137185,0.0,1129.9500320098336,8000.0,16505.618333323553,0,0,0,0,0,0,0.0,,,,0,,7,1,1
1,4,14,2.0,shape,2,shape_2,36,36,9,18,14,7,2,9,2,1,0.0,2500,1000,1000,2935.6345861290533,0.0,1219.8981706507423,7000.0,15655.532756779796,0,0,0,0,0,0,0.0,,,,0,,7,1,1
2,1,13,2.0,house,2,house_2,1,37,2,4,17,9,1,2,2,1,9.0,2500,1000,1000,2802.57344161997,0.0,1405.1790144873796,6500.0,15216.75245610735,1,0,0,0,0,0,0.0,,,,0,,7,1,1
2,1,17,2.0,object,2,object_2,2,38,7,14,13,7,1,7,2,1,0.0,2500,1000,1000,2239.6467558149334,0.0,1244.7759604792911,8500.0,16484.422716294226,1,0,0,0,0,0,0.0,,,,0,,7,1,1
2,1,12,2.0,tool,2,tool_2,3,39,5,10,4,2,2,5,2,1,0.0,2500,1000,1000,2417.44143251799,0.0,1244.9032280686633,6000.0,14162.344660586652,1,0,0,0,0,0,0.0,,,,0,,7,1,1
2,1,14,2.0,house,1,house_1,4,40,2,3,17,9,1,2,1,1,0.0,2500,1000,1000,2027.5120567281592,0.0,1467.1096023841576,7000.0,14994.621659112316,1,0,0,0,0,0,0.0,,,,0,,7,1,1
2,1,15,2.0,food,1,food_1,5,41,8,15,12,6,2,8,1,1,0.0,2500,1000,1000,2009.034457616364,0.0,1101.4984719653362,7500.0,15110.532929581701,1,0,0,0,0,0,0.0,,,,0,,7,1,1
2,1,15,2.0,object,1,object_1,6,42,7,13,10,5,2,7,1,1,0.0,2500,1000,1000,2493.507819998677,0.0,1299.3038680284142,7500.0,15792.81168802709,1,0,0,0,0,0,0.0,,,,0,,7,1,1
2,1,16,2.0,face,2,face_2,7,43,3,6,4,2,2,3,2,1,0.0,2500,1000,1000,2343.3581959243,1800.0,1062.1867965953197,8000.0,17705.54499251962,1,1,9,15,8,1,4500.0,9.0,2.0,18.0,1,-1.0,7,1,1
2,1,16,2.0,leg,1,leg_1,8,44,6,11,9,5,1,6,1,1,0.0,2500,1000,1000,2275.4236558913876,0.0,1436.5804450477083,8000.0,16212.004100939095,1,0,0,0,0,0,0.0,,,,0,,7,1,1
2,1,17,2.0,face,2,face_2,9,45,3,6,5,3,1,3,2,1,0.0,2500,1000,1000,2005.9744858076494,1800.0,1056.1901769538044,8500.0,17862.164662761454,1,1,13,1,1,1,6500.0,2.0,2.0,4.0,-1,1.0,7,1,1
2,2,15,1.6,hand,2,hand_2,10,46,1,2,17,9,1,1,2,1,11.25,2500,1000,1000,2106.7265285341887,0.0,1489.3591778362272,9375.0,17482.335706370417,1,0,0,0,0,0,0.0,,,,0,,7,1,1
2,2,14,1.6,house,2,house_2,11,47,2,4,18,9,2,2,2,1,0.0,2500,1000,1000,2537.4542771325487,0.0,1653.0614433000305,8750.0,17440.51572043258,1,0,0,0,0,0,0.0,,,,0,,7,1,1
2,2,13,1.6,hand,2,hand_2,12,48,1,2,15,8,1,1,2,1,0.0,2500,1000,1000,2170.9485708843667,1800.0,1456.4010830266484,8125.0,18052.349653911017,1,1,6,8,4,2,3750.0,5.0,1.0,9.0,-1,1.0,7,1,1
2,2,12,1.6,food,2,food_2,13,49,8,16,10,5,2,8,2,1,0.0,2500,1000,1000,2751.824045229432,0.0,1411.0540731108338,7500.0,16162.878118340266,1,0,0,0,0,0,0.0,,,,0,,7,1,1
2,2,15,1.6,animal,1,animal_1,14,50,4,7,4,2,2,4,1,1,0.0,2500,1000,1000,2576.9481765299693,0.0,1476.6834369243973,9375.0,17928.631613454367,1,0,0,0,0,0,0.0,,,,0,,7,1,1
2,2,16,1.6,tool,2,tool_2,15,51,5,10,8,4,2,5,2,1,0.0,2500,1000,1000,2199.079593246802,0.0,1554.1292178940603,10000.0,18253.208811140863,1,0,0,0,0,0,0.0,,,,0,,7,1,1
2,2,12,1.6,face,2,face_2,16,52,3,6,18,9,2,3,2,1,0.0,2500,1000,1000,2699.7037122370953,1800.0,1852.7533316210222,7500.0,18352.457043858118,1,1,7,13,7,1,4375.0,8.0,2.0,16.0,1,-1.0,7,1,1
2,2,17,1.6,house,2,house_2,17,53,2,4,3,2,1,2,2,1,0.0,2500,1000,1000,2981.7169249642657,0.0,1449.3226779101253,10625.0,19556.039602874393,1,0,0,0,0,0,0.0,,,,0,,7,1,1
2,2,15,1.6,tool,2,tool_2,18,54,5,10,7,4,1,5,2,1,0.0,2500,1000,1000,2582.5827017854836,0.0,1378.3027218012082,9375.0,17835.88542358669,1,0,0,0,0,0,0.0,,,,0,,7,1,1
2,3,13,2.0,animal,2,animal_2,19,55,4,8,3,2,1,4,2,1,9.0,2500,1000,1000,2103.062602704395,0.0,1223.8225246135971,6500.0,14335.885127317992,1,0,0,0,0,0,0.0,,,,0,,7,1,1
2,3,12,2.0,animal,2,animal_2,20,56,4,8,2,1,2,4,2,1,0.0,2500,1000,1000,2686.2551149487626,0.0,1185.87248305237,6000.0,14372.127598001132,1,0,0,0,0,0,0.0,,,,0,,7,1,1
2,3,12,2.0,hand,1,hand_1,21,57,1,1,13,7,1,1,1,1,0.0,2500,1000,1000,2278.7468952272275,0.0,1038.3130396103884,6000.0,13817.059934837616,1,0,0,0,0,0,0.0,,,,0,,7,1,1
2,3,17,2.0,leg,1,leg_1,22,58,6,11,10,5,2,6,1,1,0.0,2500,1000,1000,2282.4154426388245,1800.0,1246.9058585743478,8500.0,18329.321301213175,1,1,12,5,3,1,6000.0,4.0,2.0,8.0,1,-1.0,7,1,1
2,3,15,2.0,food,1,food_1,23,59,8,15,12,6,2,8,1,1,0.0,2500,1000,1000,2227.416474296785,0.0,1130.0759078175358,7500.0,15357.49238211432,1,0,0,0,0,0,0.0,,,,0,,7,1,1
2,3,16,2.0,animal,2,animal_2,24,60,4,8,6,3,2,4,2,1,0.0,2500,1000,1000,2322.4666842008915,0.0,1098.3253394205517,8000.0,15920.792023621443,1,0,0,0,0,0,0.0,,,,0,,7,1,1
2,3,14,2.0,tool,1,tool_1,25,61,5,9,5,3,1,5,1,1,0.0,2500,1000,1000,2389.018540411583,0.0,1051.5780170707178,7000.0,14940.596557482302,1,0,0,0,0,0,0.0,,,,0,,7,1,1
2,3,13,2.0,tool,2,tool_2,26,62,5,10,5,3,1,5,2,1,0.0,2500,1000,1000,2312.252194486447,0.0,1044.1423200804145,6500.0,14356.394514566862,1,0,0,0,0,0,0.0,,,,0,,7,1,1
2,3,14,2.0,food,2,food_2,27,63,8,16,12,6,2,8,2,1,0.0,2500,1000,1000,2019.4487507946062,0.0,1291.0202115007874,7000.0,14810.468962295394,1,0,0,0,0,0,0.0,,,,0,,7,1,1
2,4,17,1.6,object,2,object_2,28,64,7,14,13,7,1,7,2,1,11.25,2500,1000,1000,2732.3238490574636,0.0,1490.7594658964813,10625.0,19359.333314953947,1,0,0,0,0,0,0.0,,,,0,,7,1,1
2,4,17,1.6,leg,2,leg_2,29,65,6,12,11,6,1,6,2,1,0.0,2500,1000,1000,2946.46856023059,0.0,1687.7927888614004,10625.0,19759.26134909199,1,0,0,0,0,0,0.0,,,,0,,7,1,1
2,4,12,1.6,leg,1,leg_1,30,66,6,11,5,3,1,6,1,1,0.0,2500,1000,1000,2140.8521550682094,0.0,1423.9218758734733,7500.0,15564.774030941682,1,0,0,0,0,0,0.0,,,,0,,7,1,1
2,4,13,1.6,hand,2,hand_2,31,67,1,2,15,8,1,1,2,1,0.0,2500,1000,1000,2029.9170818839514,0.0,1680.7400397111576,8125.0,16335.657121595108,1,0,0,0,0,0,0.0,,,,0,,7,1,1
2,4,16,1.6,leg,2,leg_2,32,68,6,12,10,5,2,6,2,1,0.0,2500,1000,1000,2858.9260142286903,0.0,1546.0250129512522,10000.0,18904.951027179945,1,0,0,0,0,0,0.0,,,,0,,7,1,1
2,4,13,1.6,face,1,face_1,33,69,3,5,18,9,2,3,1,1,0.0,2500,1000,1000,2019.2350011799238,0.0,1514.2467732763835,8125.0,16158.481774456308,1,0,0,0,0,0,0.0,,,,0,,7,1,1
2,4,14,1.6,tool,1,tool_1,34,70,5,9,5,3,1,5,1,1,0.0,2500,1000,1000,2035.3231293519648,0.0,1295.1135289084964,8750.0,16580.436658260463,1,0,0,0,0,0,0.0,,,,0,,7,1,1
2,4,16,1.6,face,2,face_2,35,71,3,6,4,2,2,3,2,1,0.0,2500,1000,1000,2998.5701051637507,0.0,1604.7072320243847,10000.0,19103.277337188134,1,0,0,0,0,0,0.0,,,,0,,7,1,1
2,4,14,1.6,food,2,food_2,36,72,8,16,12,6,2,8,2,1,0.0,2500,1000,1000,2583.814133062133,1800.0,1600.6361932678299,8750.0,19234.450326329963,1,1,7,5,3,1,4375.0,4.0,2.0,8.0,1,-1.0,7,1,1
3,1,16,1.6,house,1,house_1,1,73,2,3,1,1,1,2,1,1,11.25,2500,1000,1000,2365.9845530366765,0.0,1795.7172700820117,10000.0,18672.95182311869,1,0,0,0,0,0,0.0,,,,0,,7,1,1
3,1,12,1.6,leg,1,leg_1,2,74,6,11,5,3,1,6,1,1,0.0,2500,1000,1000,2047.0615061159895,0.0,1857.5246382570156,7500.0,15904.586144373005,1,0,0,0,0,0,0.0,,,,0,,7,1,1
3,1,13,1.6,house,2,house_2,3,75,2,4,17,9,1,2,2,1,0.0,2500,1000,1000,2187.607309533963,0.0,1711.852463538812,8125.0,16524.459773072776,1,0,0,0,0,0,0.0,,,,0,,7,1,1
3,1,16,1.6,face,2,face_2,4,76,3,6,4,2,2,3,2,1,0.0,2500,1000,1000,2980.419945199259,0.0,1438.393543820586,10000.0,18918.813489019845,1,0,0,0,0,0,0.0,,,,0,,7,1,1
3,1,14,1.6,animal,2,animal_2,5,77,4,8,4,2,2,4,2,1,0.0,2500,1000,1000,2236.082880843157,1800.0,1445.688654979944,8750.0,18731.7715358231,1,1,10,18,9,2,6250.0,1.0,1.0,1.0,-1,1.0,7,1,1
3,1,13,1.6,shape,2,shape_2,6,78,9,18,13,7,1,9,2,1,0.0,2500,1000,1000,2025.420656305141,0.0,1577.7690216387193,8125.0,16228.189677943861,1,0,0,0,0,0,0.0,,,,0,,7,1,1
3,1,17,1.6,object,2,object_2,7,79,7,14,13,7,1,7,2,1,0.0,2500,1000,1000,2465.010974643889,1800.0,1728.4553660527704,10625.0,21118.466340696657,1,1,12,8,4,2,7500.0,5.0,1.0,9.0,1,-1.0,7,1,1
3,1,13,1.6,animal,1,animal_1,8,80,4,7,2,1,2,4,1,1,0.0,2500,1000,1000,2239.2520634885414,0.0,1381.0390179562785,8125.0,16245.291081444819,1,0,0,0,0,0,0.0,,,,0,,7,1,1
3,1,15,1.6,tool,2,tool_2,9,81,5,10,7,4,1,5,2,1,0.0,2500,1000,1000,2759.2279331935697,0.0,1326.8937376091637,9375.0,17961.121670802735,1,0,0,0,0,0,0.0,,,,0,,7,1,1
3,2,13,2.0,tool,2,tool_2,10,82,5,10,5,3,1,5,2,1,9.0,2500,1000,1000,2545.100298810041,1800.0,1025.0389441729455,6500.0,16379.139242982987,1,1,8,18,9,2,4000.0,1.0,1.0,1.0,-1,1.0,7,1,1
3,2,14,2.0,house,1,house_1,11,83,2,3,17,9,1,2,1,1,0.0,2500,1000,1000,2718.264064650108,0.0,1185.5152406873465,7000.0,15403.779305337453,1,0,0,0,0,0,0.0,,,,0,,7,1,1
3,2,17,2.0,animal,2,animal_2,12,84,4,8,7,4,1,4,2,1,0.0,2500,1000,1000,2192.74512063432,0.0,1432.596448355974,8500.0,16625.341568990294,1,0,0,0,0,0,0.0,,,,0,,7,1,1
3,2,12,2.0,animal,1,animal_1,13,85,4,7,1,1,1,4,1,1,0.0,2500,1000,1000,2355.966036839935,0.0,1221.9258801121928,6000.0,14077.891916952127,1,0,0,0,0,0,0.0,,,,0,,7,1,1
3,2,16,2.0,tool,2,tool_2,14,86,5,10,8,4,2,5,2,1,0.0,2500,1000,1000,2256.305061962389,0.0,1111.3748137687605,8000.0,15867.67987573115,1,0,0,0,0,0,0.0,,,,0,,7,1,1
3,2,13,2.0,house,2,house_2,15,87,2,4,17,9,1,2,2,1,0.0,2500,1000,1000,2720.8968954400575,0.0,1000.2621300664148,6500.0,14721.159025506471,1,0,0,0,0,0,0.0,,,,0,,7,1,1
3,2,13,2.0,object,1,object_1,16,88,7,13,8,4,2,7,1,1,0.0,2500,1000,1000,2309.8137888302012,0.0,1214.3887370022544,6500.0,14524.202525832456,1,0,0,0,0,0,0.0,,,,0,,7,1,1
3,2,16,2.0,food,2,food_2,17,89,8,16,14,7,2,8,2,1,0.0,2500,1000,1000,2343.0233857194,0.0,1372.0746190421928,8000.0,16215.098004761592,1,0,0,0,0,0,0.0,,,,0,,7,1,1
3,2,12,2.0,face,2,face_2,18,90,3,6,18,9,2,3,2,1,0.0,2500,1000,1000,2879.661605586706,0.0,1363.4027168164043,6000.0,14743.06432240311,1,0,0,0,0,0,0.0,,,,0,,7,1,1
3,3,17,1.6,animal,2,animal_2,19,91,4,8,7,4,1,4,2,1,11.25,2500,1000,1000,2135.8911760776296,0.0,1400.1286029866947,10625.0,18672.269779064325,1,0,0,0,0,0,0.0,,,,0,,7,1,1
3,3,14,1.6,house,2,house_2,20,92,2,4,18,9,2,2,2,1,0.0,2500,1000,1000,2265.9644366353427,1800.0,1609.9302466362228,8750.0,18925.894683271566,1,1,7,11,6,1,4375.0,7.0,2.0,14.0,-1,1.0,7,1,1
3,3,15,1.6,hand,2,hand_2,21,93,1,2,17,9,1,1,2,1,0.0,2500,1000,1000,2279.869156664803,0.0,1297.2105860881504,9375.0,17452.079742752954,1,0,0,0,0,0,0.0,,,,0,,7,1,1
3,3,17,1.6,animal,1,animal_1,22,94,4,7,6,3,2,4,1,1,0.0,2500,1000,1000,2557.062766697873,1800.0,1617.6205299154653,10625.0,21099.683296613337,1,1,11,18,9,2,6875.0,1.0,1.0,1.0,-1,1.0,7,1,1
3,3,12,1.6,hand,1,hand_1,23,95,1,1,13,7,1,1,1,1,0.0,2500,1000,1000,2336.130132958671,0.0,1762.2528938871963,7500.0,16098.383026845868,1,0,0,0,0,0,0.0,,,,0,,7,1,1
3,3,16,1.6,house,1,house_1,24,96,2,3,1,1,1,2,1,1,0.0,2500,1000,1000,2530.8758059128672,0.0,1393.0145144190417,10000.0,18423.890320331906,1,0,0,0,0,0,0.0,,,,0,,7,1,1
3,3,15,1.6,object,2,object_2,25,97,7,14,11,6,1,7,2,1,0.0,2500,1000,1000,2016.2820104797117,0.0,1524.9274514098333,9375.0,17416.209461889546,1,0,0,0,0,0,0.0,,,,0,,7,1,1
3,3,14,1.6,food,2,food_2,26,98,8,16,12,6,2,8,2,1,0.0,2500,1000,1000,2100.8858138785795,0.0,1434.5201179080177,8750.0,16785.405931786598,1,0,0,0,0,0,0.0,,,,0,,7,1,1
3,3,12,1.6,house,1,house_1,27,99,2,3,15,8,1,2,1,1,0.0,2500,1000,1000,2012.4256676998166,0.0,1437.3605447818004,7500.0,15449.786212481617,1,0,0,0,0,0,0.0,,,,0,,7,1,1
3,4,15,2.0,object,2,object_2,28,100,7,14,11,6,1,7,2,1,9.0,2500,1000,1000,2777.943224231583,0.0,1386.5037592569772,7500.0,16173.44698348856,1,0,0,0,0,0,0.0,,,,0,,7,1,1
3,4,14,2.0,tool,1,tool_1,29,101,5,9,5,3,1,5,1,1,0.0,2500,1000,1000,2083.446752653116,0.0,1416.0027442690935,7000.0,14999.44949692221,1,0,0,0,0,0,0.0,,,,0,,7,1,1
3,4,16,2.0,hand,2,hand_2,30,102,1,2,18,9,2,1,2,1,0.0,2500,1000,1000,2823.39191476542,0.0,1125.4444852991728,8000.0,16448.836400064592,1,0,0,0,0,0,0.0,,,,0,,7,1,1
3,4,17,2.0,leg,2,leg_2,31,103,6,12,11,6,1,6,2,1,0.0,2500,1000,1000,2272.451271242307,0.0,1204.4537225788172,8500.0,16476.904993821125,1,0,0,0,0,0,0.0,,,,0,,7,1,1
3,4,15,2.0,tool,2,tool_2,32,104,5,10,7,4,1,5,2,1,0.0,2500,1000,1000,2848.0784907585626,0.0,1032.753964366737,7500.0,15880.832455125299,1,0,0,0,0,0,0.0,,,,0,,7,1,1
3,4,12,2.0,house,1,house_1,33,105,2,3,15,8,1,2,1,1,0.0,2500,1000,1000,2592.2342746718523,0.0,1073.3368428672973,6000.0,14165.57111753915,1,0,0,0,0,0,0.0,,,,0,,7,1,1
3,4,17,2.0,house,2,house_2,34,106,2,4,3,2,1,2,2,1,0.0,2500,1000,1000,2653.3566917900516,1800.0,1358.4813842536216,8500.0,18811.838076043674,1,1,9,13,7,1,4500.0,8.0,2.0,16.0,1,-1.0,7,1,1
3,4,15,2.0,animal,1,animal_1,35,107,4,7,4,2,2,4,1,1,0.0,2500,1000,1000,2259.4083948274924,0.0,1253.2723200286089,7500.0,15512.680714856102,1,0,0,0,0,0,0.0,,,,0,,7,1,1
3,4,14,2.0,food,2,food_2,36,108,8,16,12,6,2,8,2,1,0.0,2500,1000,1000,2090.420588489237,0.0,1024.631676292653,7000.0,14615.05226478189,1,0,0,0,0,0,0.0,,,,0,,7,1,1
4,1,15,2.0,hand,2,hand_2,1,109,1,2,17,9,1,1,2,1,9.0,2500,1000,1000,2358.6622443717306,0.0,1403.9655231459178,7500.0,15771.627767517648,1,0,0,0,0,0,0.0,,,,0,,7,1,1
4,1,12,2.0,leg,1,leg_1,2,110,6,11,5,3,1,6,1,1,0.0,2500,1000,1000,2083.258526250008,1800.0,1003.2172625437696,6000.0,15386.475788793776,1,1,7,18,9,2,3500.0,8.0,1.0,15.0,-1,1.0,7,1,1
4,1,17,2.0,house,2,house_2,3,111,2,4,3,2,1,2,2,1,0.0,2500,1000,1000,2031.0195242641691,0.0,1042.36080747983,8500.0,16073.380331744,1,0,0,0,0,0,0.0,,,,0,,7,1,1
4,1,15,2.0,shape,1,shape_1,4,112,9,17,14,7,2,9,1,1,0.0,2500,1000,1000,2085.4094286426416,0.0,1181.146185373533,7500.0,15266.555614016175,1,0,0,0,0,0,0.0,,,,0,,7,1,1
4,1,13,2.0,shape,2,shape_2,5,113,9,18,13,7,1,9,2,1,0.0,2500,1000,1000,2243.9355396469737,0.0,1186.7150672249818,6500.0,14430.650606871955,1,0,0,0,0,0,0.0,,,,0,,7,1,1
4,1,16,2.0,hand,2,hand_2,6,114,1,2,18,9,2,1,2,1,0.0,2500,1000,1000,2415.114268944969,0.0,1028.442167843712,8000.0,15943.55643678868,1,0,0,0,0,0,0.0,,,,0,,7,1,1
4,1,16,2.0,house,2,house_2,7,115,2,4,2,1,2,2,2,1,0.0,2500,1000,1000,2131.11406263274,0.0,1381.8218695275837,8000.0,16012.935932160322,1,0,0,0,0,0,0.0,,,,0,,7,1,1
4,1,17,2.0,face,1,face_1,8,116,3,5,4,2,2,3,1,1,0.0,2500,1000,1000,2144.8573557323966,0.0,1119.7678574175284,8500.0,16264.625213149924,1,0,0,0,0,0,0.0,,,,0,,7,1,1
4,1,13,2.0,hand,2,hand_2,9,117,1,2,15,8,1,1,2,1,0.0,2500,1000,1000,2073.659448323652,0.0,1385.3814628273642,6500.0,14459.040911151016,1,0,0,0,0,0,0.0,,,,0,,7,1,1
4,2,14,1.6,leg,2,leg_2,10,118,6,12,8,4,2,6,2,1,11.25,2500,1000,1000,2214.59817438561,0.0,1565.0609885313308,8750.0,17040.90916291694,1,0,0,0,0,0,0.0,,,,0,,7,1,1
4,2,17,1.6,house,1,house_1,11,119,2,3,2,1,2,2,1,1,0.0,2500,1000,1000,2441.003461504623,0.0,1531.643679269922,10625.0,19097.647140774545,1,0,0,0,0,0,0.0,,,,0,,7,1,1
4,2,13,1.6,object,1,object_1,12,120,7,13,8,4,2,7,1,1,0.0,2500,1000,1000,2764.3889065398334,0.0,1603.4475444307177,8125.0,16992.83645097055,1,0,0,0,0,0,0.0,,,,0,,7,1,1
4,2,16,1.6,food,2,food_2,13,121,8,16,14,7,2,8,2,1,0.0,2500,1000,1000,2074.077138305704,0.0,1322.398479913973,10000.0,17896.475618219676,1,0,0,0,0,0,0.0,,,,0,,7,1,1
4,2,15,1.6,shape,1,shape_1,14,122,9,17,14,7,2,9,1,1,0.0,2500,1000,1000,2037.7314158633753,0.0,1443.982415764554,9375.0,17356.71383162793,1,0,0,0,0,0,0.0,,,,0,,7,1,1
4,2,12,1.6,face,2,face_2,15,123,3,6,18,9,2,3,2,1,0.0,2500,1000,1000,2623.1512609233314,0.0,1733.842271681531,7500.0,16356.993532604862,1,0,0,0,0,0,0.0,,,,0,,7,1,1
4,2,16,1.6,hand,2,hand_2,16,124,1,2,18,9,2,1,2,1,0.0,2500,1000,1000,2628.0577151927682,0.0,1332.124469178803,10000.0,18460.182184371573,1,0,0,0,0,0,0.0,,,,0,,7,1,1
4,2,14,1.6,shape,2,shape_2,17,125,9,18,14,7,2,9,2,1,0.0,2500,1000,1000,2954.447336262599,0.0,1526.854448143602,8750.0,17731.3017844062,1,0,0,0,0,0,0.0,,,,0,,7,1,1
4,2,15,1.6,object,1,object_1,18,126,7,13,10,5,2,7,1,1,0.0,2500,1000,1000,2891.0967430164746,1800.0,1611.415889794464,9375.0,20177.51263281094,1,1,10,5,3,1,6250.0,2.0,2.0,4.0,-1,1.0,7,1,1
4,3,14,2.0,house,2,house_2,19,127,2,4,18,9,2,2,2,1,9.0,2500,1000,1000,2599.115531576787,0.0,1336.9607324830915,7000.0,15445.076264059879,1,0,0,0,0,0,0.0,,,,0,,7,1,1
4,3,12,2.0,food,2,food_2,20,128,8,16,10,5,2,8,2,1,0.0,2500,1000,1000,2042.7646606217186,0.0,1109.6228064687689,6000.0,13652.387467090488,1,0,0,0,0,0,0.0,,,,0,,7,1,1
4,3,17,2.0,animal,1,animal_1,21,129,4,7,6,3,2,4,1,1,0.0,2500,1000,1000,2245.1549351717463,0.0,1165.0814365602598,8500.0,16410.236371732004,1,0,0,0,0,0,0.0,,,,0,,7,1,1
4,3,16,2.0,leg,1,leg_1,22,130,6,11,9,5,1,6,1,1,0.0,2500,1000,1000,2411.8371432586737,0.0,1266.025152833623,8000.0,16177.862296092297,1,0,0,0,0,0,0.0,,,,0,,7,1,1
4,3,12,2.0,tool,2,tool_2,23,131,5,10,4,2,2,5,2,1,0.0,2500,1000,1000,2820.749022198757,0.0,1430.792063892618,6000.0,14751.541086091376,1,0,0,0,0,0,0.0,,,,0,,7,1,1
4,3,13,2.0,face,1,face_1,24,132,3,5,18,9,2,3,1,1,0.0,2500,1000,1000,2575.671087116381,1800.0,1057.10932895218,6500.0,16432.780416068563,1,1,9,14,7,2,4500.0,6.0,1.0,11.0,-1,1.0,7,1,1
4,3,14,2.0,face,2,face_2,25,133,3,6,2,1,2,3,2,1,0.0,2500,1000,1000,2421.5732820873664,0.0,1280.929059071033,7000.0,15202.502341158399,1,0,0,0,0,0,0.0,,,,0,,7,1,1
4,3,15,2.0,hand,2,hand_2,26,134,1,2,17,9,1,1,2,1,0.0,2500,1000,1000,2861.511975311484,1800.0,1150.4149702313318,7500.0,17811.926945542815,1,1,7,9,5,1,3500.0,4.0,2.0,8.0,-1,1.0,7,1,1
4,3,14,2.0,animal,2,animal_2,27,135,4,8,4,2,2,4,2,1,0.0,2500,1000,1000,2138.791889217948,0.0,1335.5448376101867,7000.0,14974.336726828134,1,0,0,0,0,0,0.0,,,,0,,7,1,1
4,4,16,1.6,tool,2,tool_2,28,136,5,10,8,4,2,5,2,1,11.25,2500,1000,1000,2145.145983389978,0.0,1378.782326307987,10000.0,18035.178309697963,1,0,0,0,0,0,0.0,,,,0,,7,1,1
4,4,13,1.6,tool,2,tool_2,29,137,5,10,5,3,1,5,2,1,0.0,2500,1000,1000,2391.6210015868683,1800.0,1561.5010252341892,8125.0,18378.122026821056,1,1,6,16,8,2,3750.0,7.0,1.0,13.0,1,-1.0,7,1,1
4,4,14,1.6,face,2,face_2,30,138,3,6,2,1,2,3,2,1,0.0,2500,1000,1000,2386.7565277496983,0.0,1627.7713820240613,8750.0,17264.52790977376,1,0,0,0,0,0,0.0,,,,0,,7,1,1
4,4,12,1.6,house,2,house_2,31,139,2,4,16,8,2,2,2,1,0.0,2500,1000,1000,2202.345581222952,0.0,1463.4483816898505,7500.0,15665.793962912803,1,0,0,0,0,0,0.0,,,,0,,7,1,1
4,4,17,1.6,face,1,face_1,32,140,3,5,4,2,2,3,1,1,0.0,2500,1000,1000,2154.9658075826637,0.0,1697.6653292160463,10625.0,18977.63113679871,1,0,0,0,0,0,0.0,,,,0,,7,1,1
4,4,17,1.6,face,1,face_1,33,141,3,5,4,2,2,3,1,1,0.0,2500,1000,1000,2331.7107399231345,0.0,1410.482083358294,10625.0,18867.192823281428,1,0,0,0,0,0,0.0,,,,0,,7,1,1
4,4,15,1.6,leg,2,leg_2,34,142,6,12,9,5,1,6,2,1,0.0,2500,1000,1000,2701.440819565216,0.0,1325.6854013553711,9375.0,17902.12622092059,1,0,0,0,0,0,0.0,,,,0,,7,1,1
4,4,12,1.6,house,2,house_2,35,143,2,4,16,8,2,2,2,1,0.0,2500,1000,1000,2938.4831734621166,0.0,1322.9933541645592,7500.0,16261.476527626675,1,0,0,0,0,0,0.0,,,,0,,7,1,1
4,4,13,1.6,face,1,face_1,36,144,3,5,18,9,2,3,1,1,0.0,2500,1000,1000,2722.7872213262453,1800.0,1411.347194756444,8125.0,18559.13441608269,1,1,7,12,6,2,4375.0,5.0,1.0,9.0,1,-1.0,7,1,1
5,1,15,1.6,food,1,food_1,1,145,8,15,12,6,2,8,1,1,11.25,2500,1000,1000,2097.166611903476,0.0,1847.3665353532633,9375.0,17830.78314725674,1,0,0,0,0,0,0.0,,,,0,,7,1,1
5,1,15,1.6,food,1,food_1,2,146,8,15,12,6,2,8,1,1,0.0,2500,1000,1000,2515.3071358170364,0.0,1612.2566179488738,9375.0,18002.56375376591,1,0,0,0,0,0,0.0,,,,0,,7,1,1
5,1,17,1.6,animal,1,animal_1,3,147,4,7,6,3,2,4,1,1,0.0,2500,1000,1000,2034.344047184678,0.0,1282.1828791685696,10625.0,18441.526926353246,1,0,0,0,0,0,0.0,,,,0,,7,1,1
5,1,13,1.6,shape,2,shape_2,4,148,9,18,13,7,1,9,2,1,0.0,2500,1000,1000,2345.2266259213748,1800.0,1657.137134609639,8125.0,18427.363760531014,1,1,9,9,5,1,5625.0,4.0,2.0,8.0,1,-1.0,7,1,1
5,1,12,1.6,house,1,house_1,5,149,2,3,15,8,1,2,1,1,0.0,2500,1000,1000,2136.1753841825953,0.0,1432.9852974328119,7500.0,15569.160681615407,1,0,0,0,0,0,0.0,,,,0,,7,1,1
5,1,14,1.6,animal,2,animal_2,6,150,4,8,4,2,2,4,2,1,0.0,2500,1000,1000,2452.660821808294,1800.0,1274.3500757094648,8750.0,18777.010897517757,1,1,8,16,8,2,5000.0,7.0,1.0,13.0,1,-1.0,7,1,1
5,1,12,1.6,animal,1,animal_1,7,151,4,7,1,1,1,4,1,1,0.0,2500,1000,1000,2045.5186191196049,0.0,1382.248392629312,7500.0,15427.767011748916,1,0,0,0,0,0,0.0,,,,0,,7,1,1
5,1,15,1.6,leg,2,leg_2,8,152,6,12,9,5,1,6,2,1,0.0,2500,1000,1000,2656.269208455411,0.0,1260.89586508076,9375.0,17792.16507353617,1,0,0,0,0,0,0.0,,,,0,,7,1,1
5,1,17,1.6,house,2,house_2,9,153,2,4,3,2,1,2,2,1,0.0,2500,1000,1000,2334.193007243105,0.0,1551.2411579975228,10625.0,19010.43416524063,1,0,0,0,0,0,0.0,,,,0,,7,1,1
5,2,17,2.0,animal,2,animal_2,10,154,4,8,7,4,1,4,2,1,9.0,2500,1000,1000,2464.3163244944335,0.0,1451.726450924699,8500.0,16925.042775419133,1,0,0,0,0,0,0.0,,,,0,,7,1,1
5,2,15,2.0,object,1,object_1,11,155,7,13,10,5,2,7,1,1,0.0,2500,1000,1000,2754.7290637286865,1800.0,1195.4280871363937,7500.0,17750.15715086508,1,1,11,6,3,2,5500.0,2.0,1.0,3.0,-1,1.0,7,1,1
5,2,17,2.0,leg,1,leg_1,12,156,6,11,10,5,2,6,1,1,0.0,2500,1000,1000,2292.2496150269453,0.0,1492.4634979824777,8500.0,16784.713113009424,1,0,0,0,0,0,0.0,,,,0,,7,1,1
5,2,14,2.0,leg,2,leg_2,13,157,6,12,8,4,2,6,2,1,0.0,2500,1000,1000,2602.386385282977,1800.0,1220.019357360962,7000.0,17122.40574264394,1,1,8,2,1,2,4000.0,9.0,1.0,17.0,-1,1.0,7,1,1
5,2,17,2.0,face,2,face_2,14,158,3,6,5,3,1,3,2,1,0.0,2500,1000,1000,2326.309293331427,0.0,1086.7304410924519,8500.0,16413.03973442388,1,0,0,0,0,0,0.0,,,,0,,7,1,1
5,2,16,2.0,house,1,house_1,15,159,2,3,1,1,1,2,1,1,0.0,2500,1000,1000,2351.710242484888,0.0,1073.4636569716063,8000.0,15925.173899456495,1,0,0,0,0,0,0.0,,,,0,,7,1,1
5,2,12,2.0,animal,2,animal_2,16,160,4,8,2,1,2,4,2,1,0.0,2500,1000,1000,2344.135558608302,0.0,1395.6306363253427,6000.0,14239.766194933645,1,0,0,0,0,0,0.0,,,,0,,7,1,1
5,2,12,2.0,hand,1,hand_1,17,161,1,1,13,7,1,1,1,1,0.0,2500,1000,1000,2969.3159680340655,0.0,1077.4893172947245,6000.0,14546.80528532879,1,0,0,0,0,0,0.0,,,,0,,7,1,1
5,2,16,2.0,house,1,house_1,18,162,2,3,1,1,1,2,1,1,0.0,2500,1000,1000,2178.9242978373013,0.0,1477.311928940643,8000.0,16156.236226777944,1,0,0,0,0,0,0.0,,,,0,,7,1,1
5,3,16,1.6,leg,1,leg_1,19,163,6,11,9,5,1,6,1,1,11.25,2500,1000,1000,2027.5719529933647,0.0,1610.2384198971583,10000.0,18149.060372890523,1,0,0,0,0,0,0.0,,,,0,,7,1,1
5,3,16,1.6,animal,2,animal_2,20,164,4,8,6,3,2,4,2,1,0.0,2500,1000,1000,2888.3429810339417,0.0,1329.367240411249,10000.0,18717.71022144519,1,0,0,0,0,0,0.0,,,,0,,7,1,1
5,3,13,1.6,animal,2,animal_2,21,165,4,8,3,2,1,4,2,1,0.0,2500,1000,1000,2682.282320939941,0.0,1834.4561845265434,8125.0,17141.738505466485,1,0,0,0,0,0,0.0,,,,0,,7,1,1
5,3,16,1.6,food,2,food_2,22,166,8,16,14,7,2,8,2,1,0.0,2500,1000,1000,2749.3411668389695,0.0,1321.9641463441667,10000.0,18571.305313183137,1,0,0,0,0,0,0.0,,,,0,,7,1,1
5,3,12,1.6,animal,2,animal_2,23,167,4,8,2,1,2,4,2,1,0.0,2500,1000,1000,2135.185059879941,0.0,1410.1690723070585,7500.0,15545.354132187,1,0,0,0,0,0,0.0,,,,0,,7,1,1
5,3,14,1.6,animal,1,animal_1,24,168,4,7,3,2,1,4,1,1,0.0,2500,1000,1000,2633.98238119462,0.0,1506.4272683521026,8750.0,17390.409649546724,1,0,0,0,0,0,0.0,,,,0,,7,1,1
5,3,13,1.6,animal,1,animal_1,25,169,4,7,2,1,2,4,1,1,0.0,2500,1000,1000,2720.978440240236,1800.0,1300.1414096413785,8125.0,18446.119849881616,1,1,9,16,8,2,5625.0,7.0,1.0,13.0,1,-1.0,7,1,1
5,3,17,1.6,leg,1,leg_1,26,170,6,11,10,5,2,6,1,1,0.0,2500,1000,1000,2264.5045648658006,1800.0,1525.3692375352523,10625.0,20714.873802401053,1,1,8,1,1,1,5000.0,9.0,2.0,18.0,1,-1.0,7,1,1
5,3,14,1.6,leg,2,leg_2,27,171,6,12,8,4,2,6,2,1,0.0,2500,1000,1000,2421.6170289470724,0.0,1601.030060965336,8750.0,17272.647089912407,1,0,0,0,0,0,0.0,,,,0,,7,1,1
5,4,12,2.0,house,1,house_1,28,172,2,3,15,8,1,2,1,1,9.0,2500,1000,1000,2763.422258026008,0.0,1000.3310128526437,6000.0,14272.753270878653,1,0,0,0,0,0,0.0,,,,0,,7,1,1
5,4,13,2.0,animal,2,animal_2,29,173,4,8,3,2,1,4,2,1,0.0,2500,1000,1000,2209.9245054266817,0.0,1228.2661864035895,6500.0,14438.19069183027,1,0,0,0,0,0,0.0,,,,0,,7,1,1
5,4,16,2.0,leg,2,leg_2,30,174,6,12,10,5,2,6,2,1,0.0,2500,1000,1000,2338.2028285144243,0.0,1273.7708747016554,8000.0,16111.97370321608,1,0,0,0,0,0,0.0,,,,0,,7,1,1
5,4,14,2.0,leg,2,leg_2,31,175,6,12,8,4,2,6,2,1,0.0,2500,1000,1000,2920.0147093658047,0.0,1017.7623811236507,7000.0,15437.777090489455,1,0,0,0,0,0,0.0,,,,0,,7,1,1
5,4,13,2.0,animal,1,animal_1,32,176,4,7,2,1,2,4,1,1,0.0,2500,1000,1000,2844.700619890024,0.0,1346.5498058850023,6500.0,15191.250425775026,1,0,0,0,0,0,0.0,,,,0,,7,1,1
5,4,13,2.0,hand,2,hand_2,33,177,1,2,15,8,1,1,2,1,0.0,2500,1000,1000,2053.6622312989716,0.0,1004.3738515139424,6500.0,14058.036082812912,1,0,0,0,0,0,0.0,,,,0,,7,1,1
5,4,15,2.0,shape,1,shape_1,34,178,9,17,14,7,2,9,1,1,0.0,2500,1000,1000,2458.02134165041,0.0,1422.3201342791338,7500.0,15880.341475929545,1,0,0,0,0,0,0.0,,,,0,,7,1,1
5,4,15,2.0,leg,2,leg_2,35,179,6,12,9,5,1,6,2,1,0.0,2500,1000,1000,2235.19403209486,0.0,1257.4000529885577,7500.0,15492.594085083418,1,0,0,0,0,0,0.0,,,,0,,7,1,1
5,4,14,2.0,animal,1,animal_1,36,180,4,7,3,2,1,4,1,1,0.0,2500,1000,1000,2516.096037742477,0.0,1224.970703032509,7000.0,15241.066740774986,1,0,0,0,0,0,0.0,,,,0,,7,1,1
6,1,15,2.0,hand,1,hand_1,1,181,1,1,16,8,2,1,1,1,9.0,2500,1000,1000,2274.719871579496,0.0,1441.3573911681344,7500.0,15725.07726274763,1,0,0,0,0,0,0.0,,,,0,,7,1,1
6,1,17,2.0,object,2,object_2,2,182,7,14,13,7,1,7,2,1,0.0,2500,1000,1000,2546.7495507935905,0.0,1174.758188096761,8500.0,16721.507738890352,1,0,0,0,0,0,0.0,,,,0,,7,1,1
6,1,12,2.0,food,2,food_2,3,183,8,16,10,5,2,8,2,1,0.0,2500,1000,1000,2516.8370659336983,1800.0,1101.7522142114192,6000.0,15918.589280145117,1,1,8,6,3,2,4000.0,2.0,1.0,3.0,-1,1.0,7,1,1
6,1,14,2.0,shape,2,shape_2,4,184,9,18,14,7,2,9,2,1,0.0,2500,1000,1000,2052.470255289264,1800.0,1460.402997321791,7000.0,16812.873252611054,1,1,7,7,4,1,3500.0,3.0,2.0,6.0,1,-1.0,7,1,1
6,1,15,2.0,leg,2,leg_2,5,185,6,12,9,5,1,6,2,1,0.0,2500,1000,1000,2585.6994734943582,1800.0,1478.3853506502762,7500.0,17864.084824144637,1,1,7,1,1,1,3500.0,9.0,2.0,18.0,1,-1.0,7,1,1
6,1,15,2.0,tool,2,tool_2,6,186,5,10,7,4,1,5,2,1,0.0,2500,1000,1000,2202.382116851344,0.0,1040.1830334599017,7500.0,15242.565150311246,1,0,0,0,0,0,0.0,,,,0,,7,1,1
6,1,12,2.0,house,2,house_2,7,187,2,4,16,8,2,2,2,1,0.0,2500,1000,1000,2543.288003146161,0.0,1471.3404328984818,6000.0,14514.628436044643,1,0,0,0,0,0,0.0,,,,0,,7,1,1
6,1,14,2.0,house,2,house_2,8,188,2,4,18,9,2,2,2,1,0.0,2500,1000,1000,2029.6374865490207,0.0,1361.6324845908996,7000.0,14891.26997113992,1,0,0,0,0,0,0.0,,,,0,,7,1,1
6,1,16,2.0,food,2,food_2,9,189,8,16,14,7,2,8,2,1,0.0,2500,1000,1000,2946.8684238632286,0.0,1039.26414584086,8000.0,16486.13256970409,1,0,0,0,0,0,0.0,,,,0,,7,1,1
6,2,13,1.6,food,2,food_2,10,190,8,16,11,6,1,8,2,1,11.25,2500,1000,1000,2630.4853962813945,1800.0,1821.9865364470324,8125.0,18888.721932728426,1,1,6,4,2,2,3750.0,1.0,1.0,1.0,-1,1.0,7,1,1
6,2,15,1.6,object,2,object_2,11,191,7,14,11,6,1,7,2,1,0.0,2500,1000,1000,2064.0912735394254,0.0,1528.3422607629852,9375.0,17467.43353430241,1,0,0,0,0,0,0.0,,,,0,,7,1,1
6,2,14,1.6,shape,2,shape_2,12,192,9,18,14,7,2,9,2,1,0.0,2500,1000,1000,2826.308158175985,0.0,1499.0742056508334,8750.0,17575.38236382682,1,0,0,0,0,0,0.0,,,,0,,7,1,1
6,2,13,1.6,object,1,object_1,13,193,7,13,8,4,2,7,1,1,0.0,2500,1000,1000,2765.904758254507,0.0,1382.958711683633,8125.0,16773.86346993814,1,0,0,0,0,0,0.0,,,,0,,7,1,1
6,2,12,1.6,food,2,food_2,14,194,8,16,10,5,2,8,2,1,0.0,2500,1000,1000,2797.17591197514,0.0,1703.0124719210412,7500.0,16500.18838389618,1,0,0,0,0,0,0.0,,,,0,,7,1,1
6,2,15,1.6,hand,1,hand_1,15,195,1,1,16,8,2,1,1,1,0.0,2500,1000,1000,2279.308099379988,0.0,1454.4516686026466,9375.0,17608.759767982636,1,0,0,0,0,0,0.0,,,,0,,7,1,1
6,2,16,1.6,house,2,house_2,16,196,2,4,2,1,2,2,2,1,0.0,2500,1000,1000,2232.0126175998844,0.0,1823.7982013394944,10000.0,18555.81081893938,1,0,0,0,0,0,0.0,,,,0,,7,1,1
6,2,16,1.6,house,2,house_2,17,197,2,4,2,1,2,2,2,1,0.0,2500,1000,1000,2744.02445481213,0.0,1789.1694376824914,10000.0,19033.193892494623,1,0,0,0,0,0,0.0,,,,0,,7,1,1
6,2,12,1.6,animal,1,animal_1,18,198,4,7,1,1,1,4,1,1,0.0,2500,1000,1000,2758.40609364601,0.0,1647.543541139456,7500.0,16405.949634785466,1,0,0,0,0,0,0.0,,,,0,,7,1,1
6,3,12,2.0,animal,1,animal_1,19,199,4,7,1,1,1,4,1,1,9.0,2500,1000,1000,2784.9504389699237,1800.0,1387.7015836949668,6000.0,16481.65202266489,1,1,6,13,7,1,3000.0,6.0,2.0,12.0,-1,1.0,7,1,1
6,3,16,2.0,face,2,face_2,20,200,3,6,4,2,2,3,2,1,0.0,2500,1000,1000,2944.5080529745806,0.0,1411.7641125219427,8000.0,16856.272165496524,1,0,0,0,0,0,0.0,,,,0,,7,1,1
6,3,13,2.0,face,1,face_1,21,201,3,5,18,9,2,3,1,1,0.0,2500,1000,1000,2935.282468035769,0.0,1348.001473209342,6500.0,15283.28394124511,1,0,0,0,0,0,0.0,,,,0,,7,1,1
6,3,17,2.0,house,1,house_1,22,202,2,3,2,1,2,2,1,1,0.0,2500,1000,1000,2966.662499378254,0.0,1256.7767585904294,8500.0,17223.439257968683,1,0,0,0,0,0,0.0,,,,0,,7,1,1
6,3,13,2.0,food,2,food_2,23,203,8,16,11,6,1,8,2,1,0.0,2500,1000,1000,2481.1756474131525,0.0,1292.0716995873909,6500.0,14773.247347000543,1,0,0,0,0,0,0.0,,,,0,,7,1,1
6,3,13,2.0,object,1,object_1,24,204,7,13,8,4,2,7,1,1,0.0,2500,1000,1000,2260.086242074376,0.0,1395.1949501491886,6500.0,14655.281192223565,1,0,0,0,0,0,0.0,,,,0,,7,1,1
6,3,17,2.0,face,1,face_1,25,205,3,5,4,2,2,3,1,1,0.0,2500,1000,1000,2059.836174018412,0.0,1424.915470926521,8500.0,16484.751644944932,1,0,0,0,0,0,0.0,,,,0,,7,1,1
6,3,14,2.0,animal,1,animal_1,26,206,4,7,3,2,1,4,1,1,0.0,2500,1000,1000,2332.0516741313772,0.0,1418.3365392708545,7000.0,15250.388213402231,1,0,0,0,0,0,0.0,,,,0,,7,1,1
6,3,16,2.0,leg,2,leg_2,27,207,6,12,10,5,2,6,2,1,0.0,2500,1000,1000,2247.9703839817334,0.0,1350.6599430927693,8000.0,16098.630327074503,1,0,0,0,0,0,0.0,,,,0,,7,1,1
6,4,15,1.6,shape,1,shape_1,28,208,9,17,14,7,2,9,1,1,11.25,2500,1000,1000,2554.598483525153,0.0,1730.7902053025875,9375.0,18171.63868882774,1,0,0,0,0,0,0.0,,,,0,,7,1,1
6,4,13,1.6,animal,2,animal_2,29,209,4,8,3,2,1,4,2,1,0.0,2500,1000,1000,2884.452064304591,0.0,1600.4591217114348,8125.0,17109.911186016026,1,0,0,0,0,0,0.0,,,,0,,7,1,1
6,4,14,1.6,animal,1,animal_1,30,210,4,7,3,2,1,4,1,1,0.0,2500,1000,1000,2142.4684058372536,1800.0,1313.497464898888,8750.0,18505.96587073614,1,1,8,15,8,1,5000.0,7.0,2.0,14.0,1,-1.0,7,1,1
6,4,17,1.6,leg,1,leg_1,31,211,6,11,10,5,2,6,1,1,0.0,2500,1000,1000,2527.7386562546008,0.0,1681.8335935561663,10625.0,19334.572249810768,1,0,0,0,0,0,0.0,,,,0,,7,1,1
6,4,16,1.6,animal,2,animal_2,32,212,4,8,6,3,2,4,2,1,0.0,2500,1000,1000,2837.791699803209,0.0,1649.2447185660117,10000.0,18987.03641836922,1,0,0,0,0,0,0.0,,,,0,,7,1,1
6,4,17,1.6,animal,2,animal_2,33,213,4,8,7,4,1,4,2,1,0.0,2500,1000,1000,2311.597552735356,0.0,1789.8039042388798,10625.0,19226.401456974236,1,0,0,0,0,0,0.0,,,,0,,7,1,1
6,4,12,1.6,hand,1,hand_1,34,214,1,1,13,7,1,1,1,1,0.0,2500,1000,1000,2501.3594379395076,0.0,1471.0898993266862,7500.0,15972.449337266193,1,0,0,0,0,0,0.0,,,,0,,7,1,1
6,4,17,1.6,house,1,house_1,35,215,2,3,2,1,2,2,1,1,0.0,2500,1000,1000,2651.3555629377256,0.0,1318.0224498280136,10625.0,19094.378012765737,1,0,0,0,0,0,0.0,,,,0,,7,1,1
6,4,14,1.6,tool,1,tool_1,36,216,5,9,5,3,1,5,1,1,0.0,2500,1000,1000,2882.334089878871,0.0,1262.0054444018792,8750.0,17394.33953428075,1,0,0,0,0,0,0.0,,,,0,,7,1,1
